country,year,CO2_intensity_GDP,CO2_per_capita_tCO2e,GDP_constant_2015USD,GDP_per_capita_2015USD,GHG_per_capita_tCO2e,GHG_total_MtCO2e,agri_land_pct,agriculture_pct_GDP,energy_use_pc,forest_area_pct,freshwater_withdrawal_pct,industry_pct_GDP,population,renewable_elec_pct,renewable_energy_pct,urban_pop_pct
Brunei Darussalam,1990,0.381256564551525,16.84384939598577,11278756616.448664,44179.82786945405,22.921203954687183,5.8516,2.4667931688804554,0.5746920282191975,6766.2026581316295,78.36812144212524,0.8941176470588236,76.27594502882204,255292.0,0.0,0.7,65.7496054461515
Brunei Darussalam,1991,0.4229931983945156,18.696781367576047,11607042426.769333,44201.139494772695,24.27150451644351,6.3736,2.4667931688804554,0.5909844401149649,7438.262037616833,78.06451612903226,0.8941176470588236,74.13646084287231,262596.0,0.0,0.4,66.5029745122162
Brunei Darussalam,1992,0.4767968553111172,19.869255370795177,11244830875.617962,41672.370841938944,24.411593579875408,6.5872,2.4667931688804554,0.6454616506703476,7783.232735908931,77.76091081593928,0.9568627411764704,71.14843706837429,269839.0,0.0,0.2,67.1218123459373
Brunei Darussalam,1993,0.4842674369039607,19.536341349816404,11173578043.144585,40342.0504065212,24.93510150882222,6.9063,2.4667931688804554,0.7448693947207491,7299.532662924277,77.4573055028463,1.0196078470588237,68.20434641650183,276971.0,0.0,0.0,67.7094708825572
Brunei Darussalam,1994,0.4868624217087759,19.33887381156038,11284502058.54318,39721.43453521295,24.777976071047657,7.0392,2.4667931688804554,0.8562516086868625,6603.0665790986695,77.15370018975332,1.0823529411764703,64.70932351885718,284091.0,0.0,0.0,68.272763683326
Brunei Darussalam,1995,0.5083619080407125,19.96565875100877,11436537451.060144,39274.49802043353,25.152904411133434,7.3244,2.2770398481973437,0.7259552891175463,7718.414711291196,76.85009487666035,1.0823529411764703,67.15702651670516,291195.0,0.0,0.0,68.8131879002755
Brunei Darussalam,1996,0.5341974202150506,20.476672611943304,11433413507.57785,38331.65761770256,25.79121350695329,7.6929,2.2770398481973437,0.8924744570821028,7585.308657026781,76.54648956356736,1.0823529411764703,64.63902370126546,298276.0,0.0,0.0,69.3322406854373
Brunei Darussalam,1997,0.5347016558634862,21.29193262614585,12158742971.35118,39820.21075240855,26.862098440759677,8.2021,2.2770398481973437,0.9436205971748238,7652.680694325885,76.24288425047439,1.0823529411764703,67.30604567178413,305341.0,0.0,0.0,69.8314191908431
Brunei Darussalam,1998,0.5060393030596394,18.38500568209101,11349316081.330414,36331.1813349886,24.55463610608704,7.6705,2.2770398481973437,1.1503484372879085,7448.312776178273,75.9392789373814,1.0823529411764703,61.42538563626094,312385.0,0.0,0.0,70.3122205685247
Brunei Darussalam,1999,0.5077716122394074,18.810873764522825,11832878906.919125,37045.9342568638,25.5291771416764,8.1543,2.2770398481973437,1.0805572265961247,7427.447777382838,75.63567362428843,1.0823529411764703,64.1790891245916,319411.0,0.0,0.0,70.7761419705137
Brunei Darussalam,2000,0.4961437076309957,18.61015121437149,12244033143.15154,37509.59838477423,25.99747567580815,8.4862,2.2770398481973437,1.0687905845391843,7306.508055055878,75.33206831119544,1.0823529411764703,66.2665822504809,326424.0,0.0,0.0,71.2246805488418
Brunei Darussalam,2001,0.4718301618544897,17.584784532541363,12423538115.835318,37269.30992165869,26.18848340308089,8.7298,2.4667931688804554,1.1881926707619896,6624.4457024400845,75.00948766603416,1.0823529411764703,62.747589235094416,333345.0,0.0,0.0,71.657883335906
Brunei Darussalam,2002,0.4303370888980506,16.34259436222982,12915688987.515429,37976.26275736014,23.22176777938189,7.8977,2.4667931688804554,1.1544900114217511,6344.709536021835,74.68690702087287,1.0823529411764703,63.0811813132522,340099.0,0.0,0.0,72.1021556496525
Brunei Darussalam,2003,0.4823331066064356,18.61572769208134,13378513545.132423,38595.16885137023,25.710180967409716,8.9121,2.4667931688804554,1.2372583372264965,7227.934614691479,74.36432637571157,1.0823529411764703,66.48449847295564,346637.0,0.0,0.0,72.577635652792
Brunei Darussalam,2004,0.4681127767457094,17.764252176894455,13392499225.471018,37948.65908251944,23.831220902720517,8.4103,2.4667931688804554,1.1704948086428266,6509.413756876266,74.04174573055028,1.0823529411764703,70.19104523054878,352911.0,0.0,0.0,73.0675067339261
Brunei Darussalam,2005,0.4487165381317113,16.74263615999287,13391973527.474766,37312.27787971215,22.542321880328544,8.0908,2.4667931688804554,0.974611267785546,6180.901861343266,73.719165085389,1.0823529411764703,73.15300516913604,358916.0,0.0,0.0,73.552870858133
Brunei Darussalam,2006,0.6180047281279663,23.625923112572437,13940831854.309124,38229.35656841831,31.052231786608463,11.3236,2.333965844402277,0.754742504053329,8644.256133773977,73.39658444022771,1.0823529411764703,74.92626153785041,364663.0,0.0,0.0,74.0148299904911
Brunei Darussalam,2007,0.6100408170089829,22.067931610012053,13416151463.647856,36174.51651548605,29.144208394787437,10.8088,2.3529411764705883,0.7263425134025526,8703.665469692698,73.07400379506642,1.0823529411764703,73.39510627110113,370873.0,0.0,0.0,74.4344860960786
Brunei Darussalam,2008,0.690911355330798,23.578520512555816,12892826165.42766,34126.69415639692,34.16103527593153,12.9058,2.3529411764705883,0.6921661273493696,9379.395471028474,72.75142314990512,1.0823529411764703,76.4320816379343,377793.0,0.0,0.0,74.7929411399737
Brunei Darussalam,2009,0.6341720398227324,20.836104241567774,12647829762.791262,32855.602160246635,28.622789334774204,11.0184,2.5426944971537004,0.9799175463801612,7906.164503044327,72.42884250474383,1.0823529411764703,67.29548135733148,384952.0,0.0,0.0,75.0712970872547
Brunei Darussalam,2010,0.5678917987326242,18.80932475556417,12994552864.59319,33121.31782417236,25.43534557466636,9.9791,2.5426944971537004,0.7333498774884111,8261.092768512,72.10626185958255,1.0823529411764703,68.65335070318018,392332.0,0.0213607594936708,0.0,75.2506559029998
Brunei Darussalam,2011,0.5831265503161646,19.683065883136493,13481121714.896616,33754.364078371254,26.735588611604225,10.6779,2.5426944971537004,0.5727753140420035,9699.300251689703,72.10626185958255,1.0823529411764703,73.67241445049712,399389.0,0.043489932885906,0.0,75.312125504778
Brunei Darussalam,2012,0.5602966251458525,18.794891963398488,13604222581.23684,33544.53894578774,25.49949822096524,10.3415,2.5426944971537004,0.6551566839351054,9446.072906588864,72.10626185958255,1.0823529411764703,72.65561435387299,405557.0,0.0424936386768447,0.0,75.2714233503027
Brunei Darussalam,2013,0.5849872330675427,18.942514871036614,13315162382.527857,32381.07397952309,24.996960131516868,10.2788,2.5426944971537004,0.6849374398126323,7399.888506999042,72.10626185958255,1.0823529411764703,70.02244409526097,411202.0,0.038391640163562,0.0,75.1756915148608
Brunei Darussalam,2014,0.6245015342882458,19.45242951409718,12981233119.37007,31148.72974054006,25.164247150569885,10.4872,2.5426944971537004,0.862827317122997,8529.793038239737,72.10626185958255,1.0823529411764703,67.84963078054844,416750.0,0.0359520639147802,0.0,75.0572639801502
Brunei Darussalam,2015,0.5696156920431926,17.444553920779136,12930296870.124683,30625.12877446564,23.157086961052745,9.7772,2.5426944971537004,1.1032125006315388,6437.002473982266,72.10626185958255,1.0823529411764703,61.36277736052692,422212.0,0.0311904761904761,0.0,74.9484620568562
Brunei Darussalam,2016,0.6264445623667022,18.475362752710705,12609894752.946909,29492.414592778878,23.82169686877286,10.1853,2.5426944971537004,1.2036546260626768,7008.281719975559,72.10626185958255,1.0823529411764703,57.289363853630825,427564.0,0.0255269320843091,0.0,74.8816070556641
Brunei Darussalam,2017,0.6160542674548011,18.18879225088499,12777445780.09522,29524.659127890023,23.529479726045125,10.1829,2.5426944971537004,1.0864509033046197,8385.258589765326,72.10626185958255,1.0823529411764703,59.72058896928524,432772.0,0.0377676208804426,0.0,74.8476440654983
Brunei Darussalam,2018,0.6281456237574182,18.34197482926384,12784137461.572445,29200.19520242216,23.78200589296727,10.412,2.5426944971537004,1.017641958879025,8304.04242825767,72.10626185958255,1.0823529411764703,63.24481840423192,437810.0,0.037037037037037,0.0,74.8172471714305
Brunei Darussalam,2019,0.5726072187838367,17.17606397397669,13278735842.955511,29996.240722317503,22.77514231499051,10.0821,2.5426944971537004,0.9860551301185152,9219.803393332384,72.10626185958255,1.0823529411764703,62.51532109944156,442680.0,0.0218889339278475,0.0,74.7923311783673
Brunei Darussalam,2020,0.7541666450391008,22.637034984041268,13429260053.625029,30015.9588506697,28.51025024362768,12.7556,2.5426944971537004,1.2175028361059137,9175.89257228992,72.10626185958255,1.0823529411764703,59.13363024007975,447404.0,0.0193548387096774,0.0,74.7748108912151
Brunei Darussalam,2021,0.7556354241991391,22.10700852960124,13215632407.101458,29256.183367834252,27.74787977534806,12.5343,2.5426944971537004,1.2562902227508086,8962.623256310333,72.10626185958255,1.0823529411764703,62.701564223562265,451721.0,0.0196525706264256,0.0,74.7667316936175
Brunei Darussalam,2022,0.7335983548997345,20.943628258339373,13000438095.725414,28549.17560604654,26.14752838351231,11.9068,2.5426944971537004,1.096160288762411,9894.819499062563,72.10626185958255,1.0823529411764703,67.92558541923437,455370.0,0.0196525706264256,0.0,74.7772642014221
Brunei Darussalam,2023,0.7380826693306465,21.14308997295996,13147036779.497906,28645.96453962838,26.280044187916303,12.0612,2.5426944971537004,1.173122221641125,8658.006976446337,72.10626185958255,1.0823529411764703,61.74118600913136,458949.0,0.0196525706264256,0.0,74.8199193881365
Brunei Darussalam,2024,0.6847091669782965,20.242651619442384,13679822692.2189,29563.86827530823,25.642881995846317,11.8655,2.5426944971537004,1.17447674380916,8658.006976446337,72.10626185958255,1.0823529411764703,61.67552257968283,462721.0,0.0196525706264256,0.0,74.8983133873697
Cambodia,1990,0.0707236317962323,0.0582799258876773,6077176596.902325,824.0516558254874,1.97660884054135,14.577,25.237933378653977,45.29438218164095,,62.34302062089281,,12.646242989169648,7374752.0,,,15.7157497390038
Cambodia,1991,0.0724782511029058,0.061650741200882,6538513178.624422,850.6102211730972,1.8924787136473329,14.5472,25.549512803081804,45.29438218164095,,62.21624178563335,,12.646242989169648,7686850.0,,,16.0597496099039
Cambodia,1992,0.0742137474658081,0.0640077267790801,6997355850.265512,862.4780308873349,1.837809375301596,14.9103,25.57783820530252,45.29438218164095,282.3500977769889,62.0894629503739,,12.646242989169648,8113083.0,0.0,82.5,16.4097495102946
Cambodia,1993,0.0721431045110642,0.0609884822874011,7284133439.522371,845.3820042918682,1.7835446227366225,15.3677,25.618751416270115,45.29438218164095,282.3500977769889,61.96268411511443,,12.646242989169648,8616381.0,0.0,82.5,16.7657494060925
Cambodia,1994,0.1137592283039773,0.0584685061264214,4748625742.753155,513.9671479678735,1.6044528713751314,14.8238,25.858548606390208,45.557709543759735,282.3500977769889,61.83590527985498,,13.722715563324195,9239162.0,0.0,82.5,17.1276884970302
Cambodia,1995,0.2876849009298362,0.1498627987810946,5218904416.419748,520.9268831861455,1.897390396982701,19.009,25.850589168366188,47.72456021299013,282.3500977769889,61.70912644459551,,14.262044760650037,10018497.0,0.0,82.5,17.4962488002108
Cambodia,1996,0.3015729345293723,0.1543059288398494,5526689596.999191,511.67034959770393,1.7726434021184545,19.1468,25.92150464536596,44.46307956251782,269.71597367111553,61.58234760933605,,14.988565801564008,10801270.0,0.0,82.5,17.8834321201168
Cambodia,1997,0.3095967095285036,0.153798528076528,5748123107.348973,496.7705513109409,1.6846971155948562,19.4936,25.91751642873329,44.44721267703387,258.94725305187234,61.45556877407658,,16.38573699377349,11570982.0,0.0,82.2,18.1846372155166
Cambodia,1998,0.3314150038358723,0.1653816046593459,6017229084.135231,499.01664905083305,1.6310679901507468,19.6677,26.22932245637888,44.47995896338032,268.34619013685244,61.32878993881713,,16.709081811491174,12058173.0,0.0,81.3,18.3715559169572
Cambodia,1999,0.2864603658072768,0.1583843637203522,6781740973.224193,552.9014922326434,1.6607326542543617,20.3701,26.285973260820302,40.90385299426496,271.4482976177572,61.20201110355767,,18.039826425617186,12265731.0,0.0,81.5,18.5111858410878
Cambodia,2000,0.2683028950055959,0.1605958947022452,7459479704.675782,598.5619152521472,1.6410647249440231,20.4515,27.0224337185588,35.52773573645662,273.11106008706554,61.07523226829821,,21.64559865125589,12462336.0,8.959821428571429,81.6,18.6242216655572
Cambodia,2001,0.273084283107873,0.1728169028771534,8010713670.899399,632.8335739808495,1.6594404195636696,21.006,27.70224337185588,32.965377253488555,276.1642070890227,60.96659302062088,,23.26462579077369,12658484.0,5.946954813359529,80.5,18.7186818716995
Cambodia,2002,0.2640676705092261,0.1748625327210901,8512590714.589053,662.1883412834542,1.6252437429994506,20.8929,28.32540222071153,29.61100467609372,272.09527903291814,60.85795377294359,,25.37930583821665,12855241.0,4.06043956043956,81.0,18.803641734126
Cambodia,2003,0.2575735415787564,0.1852812756877497,9387998414.661062,719.3334942405086,1.7524447228741955,22.8711,28.89191026512577,29.474379569752777,275.5985706571996,60.74931452526626,1.810945273631841,26.34287454410444,13050968.0,5.37221494102228,79.9,18.8881765274479
Cambodia,2004,0.2354541346712809,0.182676416757728,10275886653.584911,775.8471390309785,1.6910045209676208,22.3969,29.62837072286427,26.628662754703942,279.2723369105631,60.64067527758894,1.810945273631841,27.68026858139672,13244731.0,3.5509202453987734,80.7,18.9813615262763
Cambodia,2005,0.232012201313951,0.2010015177984526,11642922159.704405,866.3402901232085,1.871279261968084,25.1485,30.342170858826197,27.44578889174269,286.390391082312,60.532036029911616,1.810945273631841,27.41924701604547,13439202.0,4.610995850622407,79.2,19.0922720052225
Cambodia,2006,0.232862783705682,0.2205362434918382,12917049054.097538,947.0652200506912,1.950204955954339,26.5989,30.33650577838205,26.285742936201867,289.72636002753785,60.42339678223431,1.810945273631841,29.07002258482276,13639028.0,4.519932145886344,78.0,19.2299832388976
Cambodia,2007,0.2592806580330083,0.2671190172933085,14260222987.899446,1030.2311762079162,2.0137164538928185,27.8734,30.33650577838205,25.46562834225731,298.2137717420128,60.314757534557,1.810945273631841,28.14003507761313,13841770.0,3.8351206434316354,74.8,19.4035705019128
Cambodia,2008,0.2673496819061579,0.2915648146626184,15326369460.346914,1090.5747580614675,2.0487951773365154,28.7927,30.33650577838205,28.0340869915092,296.38961605563713,60.20611828687967,1.810945273631841,26.049596688747343,14053479.0,3.614709851551957,74.1,19.6574509865325
Cambodia,2009,0.3058074820889442,0.341665960393113,15950885068.865845,1117.2583419451437,2.1229252192891828,30.3086,30.187695445275324,28.089323941887933,311.4624062288999,60.09747903920236,1.810945273631841,25.56651629220461,14276810.0,4.527646129541864,68.0,20.1979728726519
Cambodia,2010,0.3078213000575223,0.3557959787668562,16760698493.040884,1155.8523685669866,2.1359827087278247,30.9733,30.486126217992293,27.874291655550827,323.2559707474881,59.98883979152504,1.810945273631841,26.008898513698103,14500726.0,4.038385826771654,64.8,21.1232251168762
Cambodia,2011,0.2983595818500884,0.3644129318603311,17981993293.903027,1221.388398524541,2.182979563913509,32.1391,30.77949127577612,28.03585445980653,325.0638009818711,58.01466122818943,1.810945273631841,26.660692673202256,14722584.0,6.539114043355325,64.0,22.3824788531276
Cambodia,2012,0.2909907210702071,0.3769065214416646,19357661918.851887,1295.2527147789317,2.141352826029427,32.0027,31.150901880806707,26.795349937528297,334.02596449885635,56.04048266485384,1.810945273631841,27.61102976500863,14945085.0,36.412999322951926,64.4,23.9411047582349
Cambodia,2013,0.2727709428721105,0.3754134419251206,20878690156.78171,1376.295575959256,2.10829673528537,31.9833,31.45244278268752,24.44715514041297,337.7820363989769,54.06630410151824,1.810945273631841,28.958119803789494,15170208.0,56.65521003818876,65.0,25.7644735090271
Cambodia,2014,0.311915547265906,0.4568100378442962,22549052336.926544,1464.531158669268,2.169428760781805,33.4022,31.68260876954452,22.193815240444493,359.9541784580028,52.09212553818264,1.810945273631841,29.91699164796132,15396772.0,60.03973509933774,63.7,27.8179557823331
Cambodia,2015,0.3524257449140503,0.5453154404291399,24174170369.07381,1547.320104443935,2.2513560077860872,35.1735,31.99605710401088,20.140848855458216,379.7547466910754,50.11794697484704,1.810945273631841,31.463905171234146,15623251.0,48.57658241520847,60.6,30.0669222549819
Cambodia,2016,0.4062102553932984,0.668405454858677,26085259688.337284,1645.4667157812587,2.3890033831871875,37.8724,32.29098119193293,18.90798155559165,412.7612122605062,49.235950600498526,1.810945273631841,33.05620946080039,15852803.0,45.98744625967326,58.0,32.4767436038024
Cambodia,2017,0.4195567858153188,0.7358754591133708,28191654621.947807,1753.9353050466204,2.4773955334325617,39.8201,32.770359732608206,17.868177158358588,418.9684759876584,48.35395422615001,1.810945273631841,34.29808091691651,16073372.0,41.08157361874458,56.3,35.0127905056235
Cambodia,2018,0.4015056854342994,0.7565506378620521,30665817313.849125,1884.28374817086,2.500024271066149,40.6867,33.188107863131656,16.497947908222766,440.51227921791184,47.47195785180149,1.810945273631841,36.871423752422615,16274522.0,57.19585091420535,58.1,37.6404336372742
Cambodia,2019,0.4746501401504558,0.9532498156699252,33099747942.810997,2008.32094006706,2.6697341423955288,44.0007,33.71628030818037,15.438506517715696,487.9389207115493,46.58996147745299,1.810945273631841,39.04559465215719,16481304.0,47.28615759725147,53.0,39.5830241256026
Cambodia,2020,0.583695429098051,1.1140611022443967,31922812945.08807,1908.6342751833563,2.807507876906807,46.9569,34.301391910265124,17.039652291143486,513.1792462925619,45.70796510310446,1.810945273631841,37.45761227793609,16725474.0,46.91436737385952,51.4,39.832658030922
Cambodia,2021,0.56162448575645,1.088857540853661,32909177695.673035,1938.764367417284,2.8476511998576672,48.3369,34.69997564015409,16.904414371009576,497.04212828098,44.82596872875595,1.810945273631841,40.32050857300706,16974305.0,56.36874571624401,52.4,40.1091858128847
Cambodia,2022,0.5313956383186187,1.0687824080888635,34597385966.83141,2011.2743331326217,2.738341808065284,47.1042,34.8115777249037,16.544085988484795,498.3117367256927,43.94397235440743,1.810945273631841,40.86496262221583,17201724.0,56.36874571624401,52.4,40.374616187368
Cambodia,2023,0.5206801159150787,1.0856479727821815,36329791405.14207,2085.057484621225,2.8111878640119192,48.9818,34.86482948107863,17.07844724553506,554.9051829115851,43.06197598005891,1.810945273631841,40.5173741615592,17423880.0,56.36874571624401,52.4,40.6290788072508
Cambodia,2024,0.5049072539304401,1.1020703731506467,38500536184.96456,2182.7184390234097,2.825294077528285,49.8348,34.86482948107863,16.57687260913498,554.9051829115851,43.06197598005891,1.810945273631841,41.7506561774631,17638801.0,56.36874571624401,52.4,40.8727033252729
Indonesia,1990,0.5993317700950825,0.881568022007149,269915108912.60745,1470.918222585281,1.842175898042855,338.0413,24.88614847894368,21.548723601360347,461.47874965682007,65.43771424786236,3.6818893347203647,39.38494007071676,183501098.0,20.917133498637767,59.2,30.5945178088725
Indonesia,1991,0.605254651114056,0.9351158993158508,288571594912.183,1544.9958089452743,1.9208110315292728,358.7657,22.92155423196454,19.661807287925004,477.0346654477692,64.48467351523817,3.874804081834845,41.204773616378446,186778238.0,20.557043385109804,58.4,31.5991952251753
Indonesia,1992,0.5940110550664645,0.9605809491945182,307321553097.3141,1617.109548722183,1.983766958411428,377.0025,22.828816992995023,19.52141047272923,489.7595473272837,63.531632782613976,4.067718828949323,39.97996032853056,190043744.0,23.83831570833233,57.5,32.6914992355049
Indonesia,1993,0.6106293771413203,1.033861132983263,327286415428.63043,1693.1074260188968,2.0471599600482486,395.7266,23.193141860375256,17.879844427638414,534.3347690705921,62.57859204998979,4.260633576063803,39.6804980838497,193305168.0,19.77533039647577,56.1,33.8555422228307
Indonesia,1994,0.6044586131902429,1.0821787566876888,351963716551.4943,1790.3272996245516,2.1110312886454263,415.0115,23.16830152850842,17.286262325044994,524.021858215958,61.6255513173656,4.45352850844603,40.642044353025234,196591828.0,15.656762334981892,53.4,35.0672005338812
Indonesia,1995,0.6277291629041117,1.1961645112193973,380895160093.94543,1905.5423611123767,2.2266602951671097,445.0828,23.72417295495068,17.138346203121092,574.7571879427794,60.67251058474141,4.6464630702927625,41.80083742176535,199888057.0,16.463373428841734,50.7,36.3023505153847
Indonesia,1996,0.6136435292659298,1.2401683452167078,410674256276.2191,2020.9914813250896,2.3121326124379977,469.8354,23.71865288120249,16.672387375884394,587.2187520789023,59.71946985211722,4.8393480953088615,43.45578405011191,203204348.0,15.615303531926896,49.3,37.5368685140699
Indonesia,1997,0.6407823999381738,1.3340075012069923,429975448805.3725,2081.8416693962017,2.3968309268169325,495.0321,23.71865288120249,16.092110222818125,595.3877914482164,58.76642911949303,5.032257888740278,44.32895679722566,206536095.0,10.387162780679557,47.6,38.746630876665
Indonesia,1998,0.744894935311588,1.3260623328990768,373533751956.0545,1780.2004954489153,2.352698169310965,493.6591,23.801453987425276,18.08285295319348,567.577817932084,57.81338838686885,5.225167682171694,45.22777054962393,209826788.0,16.123451936308236,48.9,39.9075139498987
Indonesia,1999,0.7842197198629894,1.386119857241814,376488874892.8463,1767.5146672975557,2.379395741693323,506.8224,24.3534613622438,19.61267640213303,587.0527432870015,56.860347654244656,5.418077475603111,43.360061673230085,213004668.0,14.812373348958715,45.8,40.9953940804992
Indonesia,2000,0.7571160124990228,1.384085796138511,395012382597.556,1828.1026596836075,2.374468009877369,513.0698,23.76434006793007,15.678704438770763,585.7864957742626,53.94352866735304,5.611036805865161,41.96907464335643,216077790.0,21.00163943209215,45.6,41.9861540600656
Indonesia,2001,0.7805531681601426,1.4585351894423892,409404526219.8422,1868.5917230729224,2.447560634332318,536.2554,24.202684500130225,15.994917762138876,591.12494475388,53.85720197771634,5.949636523505226,47.89350078538706,219097902.0,21.93269401702649,44.3,42.9018895186157
Indonesia,2002,0.7595125527210266,1.4631055066585057,427825582126.1614,1926.3743586814855,2.446960613605851,543.4418,24.52225516759085,16.319668966437874,606.3223057509665,53.77087528807965,6.288236241145291,47.74533115925968,222088495.0,19.42624541430644,44.7,43.7824069030376
Indonesia,2003,0.7888489107861882,1.5713225064404923,448277224148.7533,1991.9182050647316,2.547283155690052,573.261,24.788564057141365,15.185348218624798,597.2756150700654,53.68454859844295,6.626835958785357,43.749566091760805,225048008.0,17.555039212562182,43.0,44.6301761521872
Indonesia,2004,0.7649293651753021,1.58011931285841,470829486219.8977,2065.706174708416,2.568055567736619,585.3283,24.837368143811062,14.335780295564184,634.7523882975306,53.59822190880625,6.965435676425423,44.62761597546016,227926649.0,17.469146076579314,41.5,45.4476736441888
Indonesia,2005,0.728645168906147,1.5705566274594562,497631790442.44,2155.4478015920963,2.5692288334232463,593.1621,24.93943400839086,13.12661864005057,637.3297582713858,53.51189521916956,7.304035394065488,46.54105887107114,230871650.0,17.78432356562037,41.6,46.2373757571669
Indonesia,2006,0.7303139372554412,1.638883062898825,525006275302.5234,2244.0802226201995,2.6784764913735253,626.634,25.52085587416159,12.973802719248418,643.6246566288619,53.42556852953285,7.6426351117055535,46.94355874107964,233951652.0,15.93378772393892,40.1,47.0017588692457
Indonesia,2007,0.719649681897247,1.6948850040232246,558318040161.8921,2355.1528565328035,2.743226563230919,650.3157,26.04901596202222,13.716683103456202,628.6005161765743,53.33924183989616,7.981234829345619,46.79914152070727,237062337.0,17.107976728971305,40.0,47.7432993585496
Indonesia,2008,0.6711601178991284,1.654142524720496,591893632243.0667,2464.6019341827223,2.719791403241891,653.1794,26.204343604512125,14.48174026077611,632.5070701754171,53.25291515025946,8.319834546985682,48.06074476901724,240157903.0,17.665289366888555,41.1,48.4644736032029
Indonesia,2009,0.6642251932992455,1.6912632704737622,619291626017.3827,2546.2196970776718,2.817928711035261,685.3767,26.572718358642444,15.290148146171951,674.8945423795651,53.16658846062276,8.658434264625749,47.65212258116211,243220028.0,17.123464349955988,38.2,49.16775798133
Indonesia,2010,0.674457436041295,1.8013496273539715,657835433773.5178,2670.812909895296,2.9351302445669445,722.9382,26.56826066740204,13.929212707137046,674.4284429180748,53.08026177098607,8.997033982265814,42.77586633627486,246305322.0,19.5994746504731,36.0,49.8521375148888
Indonesia,2011,0.7158077357033833,2.003993008667269,698422460479.1974,2799.624687903184,3.297478632623898,822.6221,27.096420755262663,13.512287074394584,670.3811872743255,52.58691922691595,9.33563369990588,43.913423426713344,249470032.0,16.00835924840183,32.4,50.4830017089844
Indonesia,2012,0.6809338778432312,1.9954892890649043,740537688618.4141,2930.5184453229954,3.334971187504953,842.7423,27.091963064022256,13.373974235072708,685.5713087668161,52.09357668284582,9.674233417545944,43.59374442333764,252698525.0,15.047530149541728,30.1,51.1593933105469
Indonesia,2013,0.6076120937102419,1.8564022679523355,781691320690.6993,3055.242460064688,3.159721340502064,808.4225,27.353814262332364,13.356699162194872,701.22584018312,51.60023413877569,10.01283313518601,42.63567743758887,255852467.0,15.91261280993398,30.6,51.8307495117188
Indonesia,2014,0.6153252470175058,1.951024701078676,820828013230.5878,3170.7210301142886,3.2908210731829857,851.9192,27.509141904822272,13.336754999214596,710.0405908927453,51.10689159470556,10.351432852826076,41.92834212700329,258877399.0,14.50863910002018,29.3,52.5002136230469
Indonesia,2015,0.5952195860164535,1.957214552590256,860854232686.2139,3288.222697255384,3.2586884922653083,853.1222,27.611207769402068,13.492643557888597,704.2481784015965,50.61354905063544,10.690032570466142,40.04786240425055,261799249.0,13.659350463954317,26.6,53.1720771789551
Indonesia,2016,0.5608347789700661,1.916265910133318,904181621780.3884,3416.810051709715,3.217849104358492,851.5311,27.87305896771218,13.478748547027134,724.4164826527649,50.74345452695819,11.028632288106206,39.30844398020808,264627418.0,15.143745709709403,27.8,53.812557220459
Indonesia,2017,0.5639317536547904,2.003942761087367,950021694164.0009,3553.519992623214,3.3884448258186195,905.8894,27.759893987757245,13.156630846266117,761.4103915606419,50.039333822986606,11.028632288106206,39.37915480402372,267346658.0,15.77141275771413,25.2,54.4541015625
Indonesia,2018,0.5969595507479453,2.209539252419115,999178586309.0206,3701.3215546191177,3.714601010729892,1002.7634,28.41183444748096,12.80849755869023,832.3618616591086,49.71681777920756,11.028632288106206,39.729737452384825,269951846.0,15.599910661107804,22.0,55.0956840515137
Indonesia,2019,0.6075963308244373,2.339794665246056,1049330233997.452,3850.903217389789,3.8983849429347113,1062.2685,28.750329344203703,12.712602657752232,850.7377257171281,49.39429640925072,11.028632288106206,38.95176799507792,272489381.0,14.584122895777757,19.8,55.7382049560547
Indonesia,2020,0.5802367596750057,2.169765808811813,1027656193885.376,3739.4490656316098,3.664822848411701,1007.1478,28.96499060728547,13.698414279613836,856.0961953616803,49.07178036547167,11.028632288106206,38.23839371879418,274814866.0,15.820662226875925,21.9,56.2785287648768
Indonesia,2021,0.584293391125397,2.249932001075322,1065709127396.8616,3850.688772539029,3.747968988638607,1037.2806,28.9558492042508,13.280169137659634,902.2336039915124,48.36194486812056,11.028632288106206,39.84481919196861,276758053.0,15.530039822885628,20.2,56.8761702464027
Indonesia,2022,0.6439632371843803,2.591895523750199,1122268412650.202,4024.912252883909,4.236620732444976,1181.2992,29.00738301741824,12.399650163410756,958.6493557305486,48.0419900717626,11.028632288106206,41.42926417609789,278830529.0,15.530039822885628,20.2,57.4934704226599
Indonesia,2023,0.6553064941326863,2.747471872824014,1178932006499.499,4192.651678906919,4.4856573827694985,1261.3223,29.125805755114804,12.52942147695842,982.4149251347168,47.72203369024635,11.028632288106206,40.21568231067943,281190067.0,15.530039822885628,20.2,58.1179353397878
Indonesia,2024,0.6559363242004859,2.865039781887575,1238236350136.5586,4367.862666211912,4.669609373952502,1323.7779,29.125805755114804,12.60866587975842,982.4149251347168,47.72203369024635,11.028632288106206,39.31848572498695,283487931.0,15.530039822885628,20.2,58.7509635387997
Lao PDR,1990,0.0935291796125865,0.0593466304727206,2736044527.066104,634.5252970093853,1.5704013608676342,6.7715,7.192374350086656,46.46886347426149,,77.30935875216637,,14.381326395200212,4311955.0,,88.4,15.2435947725302
Lao PDR,1991,0.1096159075573392,0.0705279994805098,2853600421.420375,643.410259077746,1.5322478454913713,6.7957,7.20103986135182,43.95978492898971,,77.12824956672443,,16.583541743279646,4435118.0,,88.0,15.5691704902549
Lao PDR,1992,0.1144656820295527,0.0756199055803893,3012256546.123402,660.6338619540644,1.5714816457242513,7.1654,7.209705372616984,46.72559089258213,,76.9471403812825,,17.533432211928726,4559646.0,,87.0,15.9255067602307
Lao PDR,1993,0.11371764840428,0.077437642207357,3190357917.97419,680.9641537086377,1.5484540219335503,7.2546,7.214038128249567,43.41691705907627,,76.76603119584055,,17.44479470589815,4685060.0,,86.7,16.3205402025163
Lao PDR,1994,0.115977819266883,0.0832151575515364,3450659811.7617435,717.5092451087169,1.5945413185506172,7.6685,7.322357019064126,44.08510354045771,,76.58492201039861,,17.755914297732318,4809220.0,,86.3,16.7622074371706
Lao PDR,1995,0.1064093497903375,0.0797255817076651,3693284478.989329,749.2347417285378,1.5725211683591278,7.7516,7.365684575389948,42.22623559978986,,76.40381282495667,,18.761186285534293,4929409.0,,85.6,17.2790469212159
Lao PDR,1996,0.1166321856105636,0.0912860471873155,3949167183.9019575,782.6831565355453,1.5882701987720975,8.0139,7.365684575389948,40.49828877758442,,76.22270363951473,,20.612058199111235,5045678.0,,84.9,17.9638238907301
Lao PDR,1997,0.1205527926347389,0.0987575531185783,4220557557.2322536,819.205851313643,1.600617700544506,8.2464,7.608318890814559,51.852706237506816,296.8284332238624,76.0415944540728,,20.625112874795565,5152011.0,,84.6,18.8482710950308
Lao PDR,1998,0.124384324360531,0.1039962532386887,4388012740.399547,836.0880985071158,1.510022548399795,7.925,7.647313691507798,33.93876566581383,296.8284332238624,75.86048526863085,,22.261962107894764,5248266.0,99.6551724137931,86.6,19.8765944516706
Lao PDR,1999,0.1122622521888106,0.0989742329965038,4708617453.273279,881.6341296096751,1.4699714498845111,7.8508,7.681975736568458,34.311979366177944,296.8284332238624,75.67937608318891,,22.46983672377589,5340784.0,99.6551724137931,86.6,21.0036006639099
Lao PDR,2000,0.1875880756849947,0.1720610427285843,4981659930.075988,917.2280386175293,1.6378480530680812,8.8955,7.824956672443674,33.630251031593694,296.8284332238624,75.49826689774697,,16.477069401799945,5431212.0,99.6551724137931,81.5,22.1840964350091
Lao PDR,2001,0.1953427612710364,0.1863811201412953,5268175760.923805,954.1235054146342,1.675963083824234,9.2538,7.976603119584055,32.68319294284731,305.2037883407625,75.28834488734836,,16.993714791934682,5521482.0,99.6551724137931,81.1,23.3728884682287
Lao PDR,2002,0.2068822550234944,0.2057427976208405,5579985581.019995,994.4922419637948,1.7074656083911122,9.5804,8.128249566724437,33.38630409635173,308.96483646567594,75.07842287694973,1.834558823529412,18.38268973299408,5610889.0,96.53718091009988,80.2,24.5247834668291
Lao PDR,2003,0.202753273384687,0.2106022434403982,5918523434.75225,1038.7119276778294,1.733045861271037,9.8748,8.279896013864818,32.086114575354514,314.01957467220024,74.86850086655113,1.834558823529412,20.120144150193862,5697945.0,96.66298338277221,78.7,25.5945881340707
Lao PDR,2004,0.1998473302492893,0.2175858486868573,6294805131.651108,1088.7603472883077,1.8086780431664036,10.4571,8.431542461005199,30.52134751739086,319.0629068730544,74.65857885615252,1.834558823529412,19.359509768605733,5781626.0,96.78878585544453,74.0,26.5371091732139
Lao PDR,2005,0.193200668092778,0.2219260406680406,6742212710.022675,1148.681538520707,1.753447426647787,10.2919,8.60051993067591,28.29513534348373,324.8568174886886,74.4486568457539,1.834558823529412,23.228789560682888,5869523.0,96.91458832811686,73.9,27.3224977292697
Lao PDR,2006,0.2333087825984386,0.2865240139522403,7323341971.831259,1228.0892761992318,1.8189730346122888,10.8469,8.773830155979203,26.729669914657816,349.3850208414409,74.23873483535529,2.072478991596639,26.17545124860456,5963200.0,,69.8,28.0378756242097
Lao PDR,2007,0.2291970164386035,0.2982050237143995,7879683723.910012,1301.085975498645,1.8947247101995368,11.4749,8.93847487001733,25.78814867730104,377.4611948117279,74.02881282495667,2.3103991596638656,25.393020522855185,6056236.0,,70.7,28.7343050001346
Lao PDR,2008,0.2482856779229645,0.3430656423865529,8496261313.367072,1381.737542239532,1.9518719317010709,12.002,9.116117850953206,24.176481431458622,406.72759670548834,73.81889081455806,2.5483193277310927,26.949723170245637,6148969.0,,69.3,29.4034348148069
Lao PDR,2009,0.2891182919304804,0.4230777734448723,9133631713.05317,1463.3379666845951,2.081086996018035,12.9894,9.393414211438476,24.205377085558617,420.27349749961786,73.60896880415945,2.786239495798319,25.163093788148984,6241642.0,97.41779821880617,66.4,30.0420311503825
Lao PDR,2010,0.2987556698371119,0.467525939369713,9912447859.532238,1564.9106831164688,2.184161078741826,13.8349,9.503899480069324,22.59579413451938,425.3694772650632,73.39904679376083,3.024159663865546,30.466021085875543,6334194.0,97.5436006914785,64.8,30.6468600890172
Lao PDR,2011,0.2919151825319102,0.4864477117724952,10709275115.069645,1666.4008618987125,2.1539727911691893,13.8427,9.617850953206238,20.791255186400505,424.2265916519119,73.24956672443675,3.262079831932773,30.815970194641988,6426590.0,97.66940316415082,63.6,31.2146877128668
Lao PDR,2012,0.2883355678760869,0.5116906361702709,11568812077.438631,1774.6358520367198,2.2763844271295284,14.8397,9.782712305025996,18.548486573763743,430.5322647338939,73.10008665511265,3.5,32.43664467201089,6518978.0,97.79520563682316,62.4,31.7422801040872
Lao PDR,2013,0.3156186670586929,0.5966072161884385,12497359667.470156,1890.278612948748,2.341430728962237,15.4801,10.149046793760832,17.930498428069672,446.111130889269,72.95060658578856,3.7379201680672263,30.427707554296664,6611385.0,97.921901893309,58.6,32.2264033448341
Lao PDR,2014,0.3262259525793998,0.6545110285100845,13448654116.29744,2006.3119544444687,2.4429031509261585,16.3752,10.34315424610052,17.848791782420594,458.2174620389153,72.80112651646448,3.975840336134453,28.81500054548901,6703172.0,98.04859814979484,58.2,32.6638235172635
Lao PDR,2015,0.6188316072531386,1.3125501257416403,14426380125.648829,2121.013390973629,3.1425780087023067,21.3747,10.454506065857885,17.587759697062737,602.3676415013059,72.65164644714038,4.1228991596638656,27.69334424999147,6801645.0,98.17529440628068,53.3,33.1240204432199
Lao PDR,2016,1.0279463861338578,2.297214480889741,15439521179.398651,2234.7609874184627,4.2042600149779945,29.0464,10.511265164644715,17.230176594806583,754.1579128436825,72.5021663778163,4.023109243697479,28.759504637257404,6908802.0,68.58867292486269,51.7,33.8267455533474
Lao PDR,2017,1.1660540300903566,2.7420628265552143,16503694943.28559,2351.5744174759507,4.618256072436215,32.4116,10.223570190641247,16.19975985619791,811.9399248790187,72.3526863084922,3.8445378151260505,30.91247539946998,7018147.0,62.8591707976566,50.6,34.5115346444216
Lao PDR,2018,1.1327335124051452,2.7865003658085774,17534839203.111565,2459.97874636195,4.645733858301961,33.115,10.051126516464471,15.709186820108387,820.7963818169765,72.20320623916811,3.8445378151260505,31.53319248887897,7128045.0,61.72796489494638,50.2,35.2050070032013
Lao PDR,2019,1.0474942202191828,2.676302041163717,18491844275.710567,2554.9563801924505,4.554539631448722,32.9641,9.804592720970536,16.050339057034126,809.2557431802139,72.05372616984403,3.8602941176470575,31.531381987864037,7237636.0,86.44067362489595,50.5,35.9072880879451
Lao PDR,2020,1.0458941133746222,2.645846687138001,18584864138.18996,2529.746226987609,4.562941458236151,33.5218,9.56629116117851,16.33776235926162,727.9036994419573,71.90424610051993,3.8602941176470575,32.41636783233523,7346533.0,66.08851638729047,50.6,36.6185033569111
Lao PDR,2021,1.2499032566018125,3.1954890748852107,19054754737.37994,2556.5891264040542,5.0788695423733765,37.8538,9.577123050259964,16.067697015524917,753.8303283314066,71.75476603119584,3.8602941176470575,34.12997772462127,7453194.0,63.28828728543758,51.5,37.338778268357
Lao PDR,2022,1.227935821429292,3.1791874250149528,19570648221.68624,2589.0501519162817,5.0931028374494165,38.4988,9.791161178509531,14.868882228227642,847.1074701287669,71.60528596187174,3.8602941176470575,34.108979734211154,7559007.0,63.28828728543758,49.2,38.0682382805397
Lao PDR,2023,1.2679313138714352,3.3586071115785754,20303702352.29504,2648.8872660803527,5.37159003276324,41.1732,9.909878682842288,16.139056835188693,880.5989827639961,71.45580589254766,3.8602941176470575,30.533580830834666,7664993.0,63.28828728543758,49.2,38.8070088517156
Lao PDR,2024,1.2327286654421357,3.3543509829508253,21142284373.384186,2721.0781066308214,5.347563437449444,41.5496,9.909878682842288,16.77188381287801,880.5989827639961,71.45580589254766,3.8602941176470575,29.0463781785597,7769819.0,63.28828728543758,49.2,39.5552154401406
Malaysia,1990,0.8632763211919328,3.6126048474497328,74627553679.50899,4184.760729289759,4.80819703910202,85.7454,20.564906406939585,15.216533284067149,1188.840601892681,62.75604930756353,1.7435689655172413,42.198167633795485,17833171.0,17.331421619742787,8.3,49.0330672220994
Malaysia,1991,0.921163112163323,4.105560736005806,81751102498.17316,4456.931331481592,5.28343956406293,96.9113,20.68026175620149,14.355702909919776,1433.3060681776722,62.47385481661848,1.6172528736206897,42.10650957638909,18342464.0,16.601385959626395,7.6,50.4923459184952
Malaysia,1992,0.8907138351355879,4.209636406922334,89014784403.71443,4726.13789172987,5.394760231344785,101.608,20.716785877339827,14.572410772355028,1542.6168706249657,62.19166032567342,1.4909367815517245,41.146255027143255,18834572.0,14.874313585047238,6.9,51.8628569177227
Malaysia,1993,0.8127056593311935,4.114396441401661,97822746879.14008,5062.591104370498,5.3034923134822405,102.4776,20.975194034393542,13.787356121583796,1630.7489319844046,61.90946583472835,1.3646206896551722,40.08443964365773,19322664.0,14.027461930395232,6.7,53.2286734175775
Malaysia,1994,0.8196493656394157,4.417993419522446,106834219205.04814,5390.1016760696575,5.610670920321369,111.206,21.27803987216558,13.661037240165555,1582.1389068417382,61.627271343783285,1.238304597758621,40.04123584756038,19820446.0,16.685421994884912,6.8,54.5855388512742
Malaysia,1995,0.7750327236953901,4.47298675262839,117335045630.59125,5771.352119560827,5.587779287762254,113.6029,21.20225232080353,12.949436560841091,1671.5736148888284,61.34507685283823,1.2929310344827587,41.40187798069878,20330599.0,13.686155470502836,6.1,55.9232917327627
Malaysia,1996,0.8013366581406272,4.960645967568384,129071719045.01717,6190.464291348864,6.15234842904972,128.277,21.187338304672043,11.680434474169596,1806.871405646504,61.062882361893166,0.9455172413793104,43.52821086816011,20850087.0,10.088299362066284,4.9,57.2317705759929
Malaysia,1997,0.8175353431274779,5.298083977435925,138523307832.50473,6480.556494558546,6.6089524794554135,141.2678,21.180033480444376,11.101332528966092,2055.062770916096,60.780687870948114,0.9522504537931034,44.57353750066538,21375218.0,6.691083737885044,4.2,58.5008138949148
Malaysia,1998,0.8622545980671531,5.0510590064333245,128328802476.7162,5857.967029408574,6.210580291073335,136.0534,21.137422005782984,13.31224425669831,1904.881763813101,60.49849338000304,0.9589836660344828,43.87575332841412,21906713.0,7.996903361828993,4.5,59.7202602034782
Malaysia,1999,0.8786519501956519,5.334257522141999,136205126470.55666,6070.956219870912,6.479423197070754,145.3693,21.14472683001065,10.842388051761514,1885.2804332085248,60.21629888905798,0.965716878448276,46.45901770158663,22435531.0,11.535572486318276,4.9,60.8799480156331
Malaysia,2000,0.8819046431126459,5.69323613529471,148271359064.94806,6455.614197925831,6.872943426575692,157.8565,21.11915994521382,8.599021888266305,2104.6113053402078,59.93410439811292,0.9724500906896552,48.32057149110132,22967816.0,10.923269078044909,4.4,61.9694564490726
Malaysia,2001,0.9286674711469418,5.88304152527669,149038923296.25912,6334.927956516982,7.056023287404208,166.0038,21.1444224623345,8.01097059098812,2138.334574779655,59.70774615735809,0.9791833031034484,46.20269499885132,23526538.0,9.338472792752237,4.2,63.0180877676224
Malaysia,2002,0.9330053260961892,6.080308675328266,157073594223.9318,6516.906715601545,7.268335947380014,175.1849,21.41987520925278,8.98508140381459,2156.947233684472,59.48138791660325,0.9859165155172416,45.11537969745285,24102477.0,8.063623752508452,3.5,64.056368465184
Malaysia,2003,0.942112647646736,6.343169553544664,166165798103.90192,6732.920494580987,7.631468287049361,188.3416,21.65953431745549,9.30608521643197,2256.6510681558925,59.25502967584843,0.9926497277586208,46.57866269948349,24679602.0,7.21783124545999,3.3,65.0750932867555
Malaysia,2004,0.9557773905893552,6.714666466482732,177437551536.37424,7025.345580043809,8.043771389312932,203.1597,21.706589560188707,9.271002092615094,2373.577702752846,59.02867143509359,0.999382940172414,48.53031760496827,25256772.0,7.477067230567304,3.2,66.0647889111941
Malaysia,2005,0.969065239172838,7.0102416114276815,186898768708.9009,7234.024426891415,8.329927565224605,215.2126,21.71483792421245,8.26229170422644,2517.4645167172166,58.802313194338765,1.0061243194827585,46.36832248545747,25836071.0,7.994193993202134,3.0,67.0159820173565
Malaysia,2006,0.9513026453814594,7.106050671913511,197336779111.68225,7469.810692121099,8.442284360961347,223.0275,21.534621823162382,8.60998284136304,2474.3916183306333,58.57595495358393,1.0128493648275865,46.51565725622671,26417909.0,7.833663586775019,3.1,67.9191992840997
Malaysia,2007,0.9767069668144114,7.588619454294107,209766600383.97195,7769.596933504883,8.911739141176163,240.6026,21.632019479531277,9.986773679622448,2586.989878932258,58.3495967128291,1.0195825770689655,44.59599603210388,26998389.0,7.01503343041142,2.8,68.7649673902807
Malaysia,2008,0.9828376316022872,7.839228780758139,219902039818.7784,7976.117853747733,9.172461328428788,252.8853,21.76350631562928,9.968582334674114,2681.0000344811306,58.12323847207427,1.0263157894827588,45.10506540043561,27570059.0,8.919080581998138,3.0,69.5438130147565
Malaysia,2009,0.9138332392646472,7.036937322669711,216573759299.0797,7700.46111294033,8.385580856851563,235.8426,21.97534621823162,9.219100043907824,2485.916674279857,57.89688023131944,1.0330490018965517,40.96782384124727,28124778.0,6.8662362180288445,2.3,70.2462628363839
Malaysia,2010,0.9262740887411494,7.520347730244681,232654030399.22736,8118.922705119811,8.751823716098283,250.7903,22.4906406939583,10.089915927512132,2531.6771063741285,57.6705219905646,1.039782214137931,40.49893235488183,28655776.0,6.184259452182136,2.0,70.8625314831025
Malaysia,2011,0.8910161489278842,7.484822991972543,244970531973.6761,8400.322486835577,8.67342300721839,252.9347,22.9207122203622,11.453353119827844,2593.2731029282418,57.98497641150511,1.046515426551724,39.82426872779641,29162039.0,6.724317969106535,2.2,71.4245166681964
Malaysia,2012,0.8506767211246591,7.409842303993169,258378881826.4732,8710.526713599022,8.58330413573809,254.6051,23.82955410135444,9.79375074645921,2589.319903697752,58.2994308324456,1.0532486387931037,40.135001009006935,29662831.0,8.074880521684756,2.5,71.9680127926087
Malaysia,2013,0.8767087912798825,7.859525327294634,270506469604.10132,8964.807248962034,9.039109983292054,272.7485,24.52990412418201,9.113363845382056,2871.756710193902,58.61388525338609,1.0599818512068966,39.88537365478975,30174265.0,9.48138751554052,2.8,72.4882717118078
Malaysia,2014,0.8766705514746062,8.189620081510581,286755041078.0301,9341.730559712778,9.363119535204056,287.4116,24.620301323999392,8.873209013026429,2883.1355090614725,58.928339674326594,1.0667150634482758,39.92442448458709,30696137.0,9.858147419814198,3.0,72.9802206910773
Malaysia,2015,0.8390744337958155,8.09596053481984,301355266964.9473,9648.679793752302,9.28985292960304,290.1481,26.084218535991475,8.287495082793802,2708.6628949190463,59.24279409526708,1.073448275862069,38.44972221199019,31232798.0,11.139969092628858,3.4,73.4387869957006
Malaysia,2016,0.786250583154529,7.785044111006448,314764917575.08777,9901.479601798124,9.01243280642762,286.5024,26.08735352305585,8.462518856180269,2760.831973971617,58.78752092527774,1.129655172413793,37.6832749440922,31789685.0,13.670860381838724,4.4,73.8588978909614
Malaysia,2017,0.7140798996009301,7.350569192812234,333061328477.2681,10293.762920536155,8.488389228166806,274.6473,26.08735352305585,8.598277535331395,2619.442526953829,58.6348805356871,1.1563793103448274,38.11467227030696,32355644.0,17.04287407677578,5.2,74.2354806421432
Malaysia,2018,0.7282095851109457,7.72644571640815,349191778300.005,10610.195024047913,8.84269368323331,291.0216,26.08735352305585,7.512056930638213,2841.118006568932,58.48224014609649,1.1563793103448274,38.29142535804985,32910967.0,16.708568144633986,5.3,74.5634625145296
Malaysia,2019,0.6998450745906555,7.630399290730345,364602265936.14014,10902.983485585608,8.73589095122587,292.1334,26.08735352305585,7.241314015621507,2879.89449600209,58.32959975650586,1.1563793103448274,37.47653368873347,33440596.0,16.180289634060877,5.7,74.8377707734042
Malaysia,2020,0.7341898541141297,7.467786980284606,344706479641.2438,10171.4657842762,8.523522201145262,288.8584,26.08735352305585,8.165970899195983,2719.4337826470505,58.17695936691523,1.1563793103448274,35.93472662018347,33889558.0,17.570069253827334,7.0,75.0511895575672
Malaysia,2021,0.7242077136976237,7.523262884840702,356134704342.13947,10388.266712085682,8.5557489719433,293.3116,26.08735352305585,9.56621458844467,2781.7350382050045,58.02431897732461,1.1563793103448274,37.68268618389309,34282399.0,16.99951107579992,7.5,75.5088628191907
Malaysia,2022,0.7133263028963813,7.983299156463925,388299855024.74194,11191.65117569426,9.014058396576178,312.7472,26.08735352305585,8.961849227414174,3035.372576196338,57.871678587733975,1.1563793103448274,38.97424055005303,34695493.0,16.99951107579992,7.5,75.9741357073003
Malaysia,2023,0.7023744541714264,8.03895132928611,402034268648.217,11445.392527507936,9.063650829358677,318.3725,26.08735352305585,7.76530932127302,3008.824199193009,57.71903819814336,1.1563793103448274,37.56485733222144,35126298.0,16.99951107579992,7.5,76.4434752105739
Malaysia,2024,0.7003839100768141,8.323216201465153,422559964245.24005,11883.791277489954,9.34163492644752,332.1668,26.08735352305585,8.128467822419484,3008.824199193009,57.71903819814336,1.1563793103448274,36.97337325643348,35557673.0,16.99951107579992,7.5,76.9170296648992
Myanmar,1990,0.6539467750011287,0.111323606946145,6778227478.822492,170.233436728781,1.5878368900957025,63.2233,15.956177127643295,,270.11484859003195,60.009303179606455,2.9320663681691266,,39817251.0,48.14366424535916,90.9,25.8036875493115
Myanmar,1991,0.6372466516112362,0.1062356696466523,6734127184.740368,166.71043994980977,1.5347567373239206,61.9952,15.937815588946352,,261.948984124126,59.34364078709796,2.9701850199441564,,40394154.0,46.32050803137841,91.1,25.9653856174157
Myanmar,1992,0.6160839952759135,0.1111004152297433,7384707336.801468,180.3332274197238,1.6129462361999325,66.0507,15.910273280900938,,266.9720728577041,58.677978394589466,3.008303672716394,,40950342.0,50.66755674232309,90.8,26.1312038407788
Myanmar,1993,0.649673711232108,0.1225807771395741,7830700106.907099,188.6805253472537,1.667743350636176,69.2154,15.983719435688712,,260.6623060476364,58.01231600208098,3.046422325488632,,41502429.0,50.369276218611525,89.2,26.3005466531825
Myanmar,1994,0.7247979468676616,0.1450500358541166,8416276600.068511,200.1247885441386,1.729788435150488,72.7465,15.94546623007008,,275.945441497814,57.346653609572485,3.084540977263662,,42055143.0,44.90818030050083,88.0,26.4728184884086
Myanmar,1995,0.8221379811012488,0.173689503413868,9001043827.323986,211.2656359474014,1.7789062018472896,75.7909,15.989839948587692,,282.097722727462,56.68099121706399,3.1226596300358995,,42605338.0,40.04932182490752,85.2,26.6474237802388
Myanmar,1996,0.8121841326768479,0.1803157280547312,9580955459.389782,222.0133597789399,1.7543609225009649,75.7092,16.072466872723933,,279.4370457982299,56.015328824555496,3.160778282808137,,43154860.0,41.85044359949303,84.6,26.823766962455
Myanmar,1997,0.7652904642184638,0.1772320529152963,10122431105.829924,231.5879541192124,1.6971525961432294,74.1805,16.095418796095114,57.23864525562314,285.5863458728698,55.34966643204701,3.198896934583167,9.692261135861278,43708798.0,37.93025871766029,85.2,27.001252468839
Myanmar,1998,0.78622766301344,0.1903709929684021,10716234490.792742,242.13214813474187,1.7177969086709768,76.0259,16.086238026746642,57.23864525562314,288.9164887338711,54.68400403953852,3.237015587355405,9.692261135861278,44257793.0,22.928243537086253,83.4,27.1792847331724
Myanmar,1999,0.7775835576352672,0.2064137038979699,11889140284.954891,265.45533514841907,1.8397898495578835,82.4,16.233130336322183,57.23864525562314,293.8279123806939,54.01834164703002,3.2751342391304346,9.692261135861278,44787724.0,22.3755119637853,81.9,27.3572681892371
Myanmar,2000,0.7425640119614845,0.2217225332600911,13523413252.244793,298.5904645101378,1.886904683443613,85.4595,16.543746365945466,57.23864525562314,300.3844038114108,53.352679254521526,3.313821300358996,9.692261135861278,45290841.0,38.45395491020252,80.2,27.5346072708149
Myanmar,2001,0.5827524382885693,0.1917103264570278,15057508855.3381,328.973872713504,1.8822297605484537,86.1518,16.73807265048811,57.069191636896576,293.046759841775,52.828287480490864,3.313821300358996,10.58049433218048,45771139.0,44.58624974114724,82.5,27.7107064116875
Myanmar,2002,0.5243341282081003,0.1913063479182127,16868251605.567265,364.8558001974765,1.904426726279368,88.0467,16.716650855341676,54.52833273487154,289.5521301883563,52.3038957064602,3.313821300358996,13.006895492216556,46232653.0,43.162848893166505,83.0,27.8849700456368
Myanmar,2003,0.5706462186733938,0.2348202137381653,19203491833.30343,411.4987641275573,2.017813713754194,94.1657,16.803868164152156,50.62056086189696,309.38879084264164,51.779503932429535,3.313821300358996,14.258257395255708,46667192.0,39.84247437511239,79.9,28.0568026064444
Myanmar,2004,0.4874777377775333,0.2258631264057621,21808380519.012825,463.3301357216803,2.072954017156003,97.5714,16.95999510269046,48.16509018657873,323.062853179367,51.26452511401548,3.313821300358996,16.366361955598617,47068772.0,44.43577264036155,80.2,28.2256085278922
Myanmar,2005,0.4539084631836151,0.2369854020053178,24767548772.167976,522.0995447918151,2.17515506700115,103.1858,17.23858209868985,46.687240402587975,328.79146873792973,50.74469664503489,3.313821300358996,17.51220463605499,47438365.0,51.12989121610652,79.6,28.390792243762
Myanmar,2006,0.373331905245829,0.2188044461944075,28006178558.76869,586.0855799354483,2.2588802982350056,107.9409,17.74679786371218,43.91895847455898,330.71253669158625,50.21170673481568,3.313821300358996,19.237293020374384,47785135.0,55.19582740635373,81.3,28.5517581878355
Myanmar,2007,0.3482852452039552,0.2269878491329348,31364521323.90232,651.7297308991976,2.290217174455304,110.2168,18.337617823479004,43.32276600635375,340.45919807987497,49.68345727751255,3.313821300358996,20.40912966622757,48125043.0,57.91099317664897,80.5,28.7079107938945
Myanmar,2008,0.2417595850094607,0.1727663359432857,34581048770.71508,714.6204190271294,2.2507215370494134,108.9142,18.79199767338629,40.27509563754854,326.2475856269291,49.17485114264285,3.313821300358996,22.665815422473177,48390793.0,62.66695996480423,85.6,28.8586544957208
Myanmar,2009,0.2037361210199155,0.1600621975226333,38229352561.58452,785.6348531686583,2.25292367258599,109.6283,19.043318536660035,38.10812061050581,307.3470046181953,48.65101943976733,3.313821300358996,24.53200509820619,48660459.0,76.22006427273998,85.8,29.0033937270962
Myanmar,2010,0.2059622429023284,0.1760838107046408,41912536387.03896,854.9324780277487,2.2777768009395816,111.6666,19.17460123075039,36.85307575126603,294.9887537389437,48.12938186939351,3.313821300358996,26.46806427437743,49024382.0,72.41602360417613,84.6,29.1415329218024
Myanmar,2011,0.2072597118633507,0.1856036707539606,44256068473.39226,895.5125387626313,2.2159894552428563,109.5138,19.22270354666381,32.496182502403364,296.5034674128275,47.68370555189885,3.313821300358996,31.291648830702336,49419820.0,72.92900188323918,83.8,29.2724765136213
Myanmar,2012,0.2643658408421833,0.2519731849822321,47501220127.36314,953.1230819364848,2.236637487402545,111.4683,19.21304447676644,30.590199702453763,320.1652738615157,47.25036515348695,3.313821300358996,32.373020796632645,49837446.0,71.40638164381106,78.1,29.3956289363345
Myanmar,2013,0.2761084609136437,0.2829257457892497,51503673422.19065,1024.6906047465825,2.284509108133517,114.8255,19.27328964292277,29.53372536049929,333.6257424948199,46.81182091014884,3.313821300358996,32.362219600602124,50262658.0,92.56594685718872,75.6,29.5103946237239
Myanmar,2014,0.3184675997305938,0.3500735591910869,55711475877.00921,1099.2438775160488,2.376004688404482,120.4198,19.342193911925037,27.82980257596121,361.8865225737473,46.36821216390029,3.313821300358996,34.48971479523249,50681634.0,73.21918665276328,72.0,29.6164342116462
Myanmar,2015,0.3311776104019355,0.3863958652906016,59607290408.43587,1166.7330554793548,2.43208447617431,124.2529,19.521344858210327,26.77177864559797,369.6625797600194,45.92460341765175,3.313821300358996,34.468821262150186,51089056.0,67.2229571022376,70.0,29.7166821191682
Myanmar,2016,0.3641832341252074,0.4462625381352259,63101751664.106514,1225.3791397266775,2.515631597638762,129.5442,19.54716749900426,25.628622873759525,396.4658427615465,45.50189956800147,3.313821300358996,34.80950488329436,51495696.0,66.9570200573066,68.8,29.8129165582094
Myanmar,2017,0.503987059126943,0.6504276004723236,66973743449.82568,1290.564090274579,2.80346418373214,145.4856,19.99785522788204,23.404128096274416,445.12653045661216,45.06016085790885,3.313821300358996,36.800921120355774,51894938.0,68.49949284917335,59.5,29.9051727703437
Myanmar,2018,0.4709519088574027,0.6412331958869112,71172235146.72911,1361.568312659854,2.32964540437682,121.7758,20.02650528573617,22.07560640411109,439.2935215330384,44.61974873601961,3.313821300358996,36.96346150218094,52272247.0,68.0404090909091,59.4,29.993574050729
Myanmar,2019,0.4533810588748371,0.6533175187045813,75854734834.64204,1440.98988238708,2.310863456579701,121.6455,19.885705530871764,20.842157775428177,417.7727485363923,44.175884786272405,3.313821300358996,38.41261109184431,52640713.0,56.86525249055308,58.5,30.0782436945232
Myanmar,2020,0.5032327698701211,0.6548637800118235,68991135074.45172,1301.3138635245014,2.32068599294386,123.0347,19.88753887875956,22.418652540050267,424.4306918776075,43.73403098043422,3.313821300358996,37.54391554842879,53016522.0,47.73426167682042,59.2,30.1593049968842
Myanmar,2021,0.5245012556189204,0.5963556515953985,60700903303.712746,1136.9956605569778,2.271747209653748,121.282,19.88753887875956,22.78529015682109,391.9643053316042,43.29014662846461,3.313821300358996,37.31088999348263,53387102.0,50.83747506648936,62.9,30.2368812529698
Myanmar,2022,0.4913723754095213,0.5772480412566324,63151698290.19801,1174.7669794736432,2.252366756964102,121.08,19.88753887875956,22.334350076849493,398.2846750594301,42.84626227649501,3.313821300358996,38.247135765302346,53756787.0,50.83747506648936,62.9,30.311095757938
Myanmar,2023,0.4900013007287185,0.5771071152258705,63756973611.17024,1177.766496471765,2.184189995314941,118.2385,19.9140944121838,22.722230972546196,410.8642145082523,42.40237792452541,3.313821300358996,37.59292503626689,54133798.0,50.83747506648936,62.9,30.3820718069466
Myanmar,2024,0.4967402255350543,0.5754632593182276,63137226235.74153,1158.4792809931553,2.1612349234426045,117.7875,19.9140944121838,20.83417666807436,410.8642145082523,42.40237792452541,3.313821300358996,37.812370647006645,54500091.0,50.83747506648936,62.9,30.4499084074136
Philippines,1990,0.3986981190455526,0.6794117719120487,107109108270.26224,1704.075688991208,1.4638706377025374,92.0111,37.36123687829091,19.15984288797233,427.11786002808446,26.08850655666231,,38.16862009621555,62854666.0,45.4248490143199,49.5,36.0011791352366
Philippines,1991,0.4022188516601639,0.6662286680914176,106641694746.42302,1656.3834970478124,1.421245784688261,91.503,37.418251333132105,18.338461465945183,432.4028139317237,25.93102927859946,,37.66120382300738,64382249.0,42.50847986276269,51.3,36.2572326716808
Philippines,1992,0.4352869465682067,0.7070580896420046,107087061460.26352,1624.3493980612925,1.4320984283544649,94.4127,37.27739209175974,19.107321728429348,445.1239855634606,25.773552000536608,,36.45778844938704,65926125.0,39.19597989949749,47.7,36.5239357507243
Philippines,1993,0.4598478542617288,0.7451167967195207,109423583330.15224,1620.35505833942,1.467300293299539,99.0877,37.10970251869738,18.90795349833026,415.05892517363935,25.61607472247375,,36.29881021220835,67530621.0,40.24605891869521,44.1,36.8021006492264
Philippines,1994,0.4748242918979211,0.7857136637349694,114209405300.7262,1654.7461390283795,1.520285104058806,104.929,36.94201294563504,19.26003585389008,446.1920423400611,25.458597444410906,,36.16371248500432,69019291.0,39.99474703700056,43.1,37.0925396440467
Philippines,1995,0.5468724554959467,0.926297339762062,119491847401.12468,1693.8087308164445,1.6561830944200773,116.8375,36.94201294563504,18.92514587843359,459.5219764987169,25.301120166348056,,35.66459994256234,70546246.0,36.85700661620075,37.8,37.3960650120444
Philippines,1996,0.5430639906312552,0.9515773613835508,126494485337.07729,1752.2380010455886,1.7010526159477344,122.7994,37.24385417714727,18.01364540307344,463.3958803364173,25.143642888285207,,35.6640292877993,72190242.0,36.95207998474405,35.8,37.713489030079
Philippines,1997,0.5776994037808686,1.0400086268470563,133055010091.64366,1800.2591313761332,1.7868099892286184,132.061,38.01522621323406,16.449102067055602,478.6114504009103,24.986165610222358,,35.66066826611503,73908810.0,33.43468100610599,33.4,38.0456239750098
Philippines,1998,0.5709778391125342,0.9972275872667982,132370986792.543,1746.5259051328162,1.6676275544185812,126.3912,37.84753664017171,14.746673312959889,482.9768120803289,24.828688332159505,,34.88316507672053,75791024.0,33.609000865467834,32.8,38.3932821236964
Philippines,1999,0.5408816670619766,0.9516385918084436,136800717247.3116,1759.4210522565195,1.6860052563457246,131.0924,37.67984706710937,15.194355418261882,483.9236007102893,24.67121105409665,,33.550708248063565,77753257.0,44.492179957520754,33.6,38.757275752998
Philippines,2000,0.5200733348798199,0.9326722728930318,142796015521.8518,1793.347611464365,1.667498122489738,132.7752,37.67649327564812,13.941095211674694,487.4027795476925,24.51373377603381,,34.97528476812157,79625397.0,42.94828880547582,33.9,39.1384171397742
Philippines,2001,0.4872022040114951,0.8807197725918721,147150196386.03378,1807.70892524758,1.616929901821942,131.6205,37.50880370258577,13.302809302832047,454.32383132008346,24.356259851762417,,34.897615258049065,81401488.0,37.34865037194474,32.9,39.5375185608843
Philippines,2002,0.4779303777505576,0.8780796382144945,152618672919.0702,1837.2542928685396,1.6199313800862318,134.5659,37.34446792098468,13.448413414570409,451.2844686814615,24.19878592749103,,34.78343526285005,83068889.0,35.6985165163926,31.8,39.9553922931877
Philippines,2003,0.4662249119180593,0.882480593038024,160382249186.07913,1892.821619950508,1.624653826982503,137.6599,37.6966160244156,13.150947662883636,442.568789118581,24.04131200321964,16.46972860125261,34.54056402986292,84731835.0,33.4695882130714,30.9,40.3928506135438
Philippines,2004,0.4428301546259635,0.8760707741316509,170918125627.48718,1978.3448913311336,1.6312391816034966,140.9301,38.4679880605024,13.984403691720148,430.0757526405303,23.88383807894825,16.46972860125261,33.61869620728831,86394504.0,33.77670753064799,30.2,40.8507057988121
Philippines,2005,0.4397957491826745,0.8962499324838373,179365762735.54306,2037.8776605945984,1.647437540931496,145.0008,38.082302042459,13.517547003593007,434.47117461439785,23.726364154676855,16.46972860125261,33.81367630532408,88015962.0,32.41620704285108,31.3,41.3297701258519
Philippines,2006,0.3757141397163169,0.7929148029897244,188901594317.39297,2110.420447812837,1.5371462257431896,137.5884,38.83690512123956,13.361249106967538,423.3570797189413,23.568890230405472,16.46972860125261,33.46258533038036,89508986.0,36.08176599041983,33.3,41.8308558715226
Philippines,2007,0.3824788049454221,0.8450282131738542,201216639993.89975,2209.346510833289,1.6052210226662842,146.1958,39.541201328101415,13.606507617711006,425.6258060413438,23.41141630613409,17.013778705636742,33.00086093244904,91075184.0,31.659330336173923,32.4,42.3470499959497
Philippines,2008,0.3703694330171606,0.8388668735115484,209958471374.16708,2264.946290728805,1.597764250017759,148.1113,40.279035449575744,14.51607475731336,439.08291757886207,23.253942381862696,17.221085594989564,32.765288410954014,92699095.0,33.98091151228174,33.9,43.1547492407016
Philippines,2009,0.3692292986524186,0.8332491914699751,212999348337.29053,2256.7255483546305,1.5943274434028982,150.4794,40.58087668108797,14.540213315315246,420.7180472555262,23.09646845759131,17.026304801670143,31.52254268126281,94384250.0,32.67587075521969,34.1,44.3356772609527
Philippines,2010,0.3716566198199016,0.8819943505683816,228621785456.62503,2373.143120646636,1.6259962086267363,156.6438,40.58087668108797,13.748865052421728,431.461435820742,22.93899453331992,17.384759916492694,32.33955604566039,96337125.0,26.377972631858643,32.7,45.5208176726647
Philippines,2011,0.3562440739508084,0.8609536211879794,237442546234.9731,2416.752120645418,1.6057152724821135,157.7593,41.11748331488748,14.095735151082303,428.3307590549837,23.05599490223698,17.54885177453027,31.338682782846902,98248614.0,28.763230553507668,33.8,46.6833632464759
Philippines,2012,0.3526219668854742,0.8934528829760311,253818843989.00424,2533.741419649587,1.6278708912413644,163.0728,41.68762786329946,13.095807010678156,437.467121529591,23.17299527115404,17.588308977035492,31.399493363244414,100175512.0,28.54750281122295,34.1,47.9182784810426
Philippines,2013,0.3597927049050596,0.9550391777385114,270952964501.39087,2654.415069339782,1.6973875316214329,173.2631,41.81842573028809,12.473425104412527,443.2706552957279,23.2899956400711,17.629853862212943,30.77544663143309,102076336.0,26.540555621985728,33.1,49.1313688766206
Philippines,2014,0.3609658447361774,1.002373294895985,288153024771.6963,2776.9200590947853,1.745624071900225,181.1384,41.91568568266425,12.271681621144587,465.6274976659488,23.40699600898816,17.626722338204594,31.047444475339443,103767130.0,25.736306688755437,32.4,50.2392400212368
Philippines,2015,0.3693552781153215,1.074771477388089,306445871242.32245,2909.8581801030064,1.8101641248593527,190.6338,42.01294563504041,10.996499154862333,499.0723638328555,23.52399637790522,18.03695198329854,30.481950983496706,105312992.0,25.52797427652733,30.8,51.1549047745227
Philippines,2016,0.3694086221665467,1.1364255671524544,328355086268.976,3076.3374186758983,1.898361690897496,202.623,42.11020558741658,10.205125532561595,520.9824171822368,23.641010161988127,18.186847599164928,30.28591716726943,106735719.0,24.324596085859977,28.6,51.9114748151175
Philippines,2017,0.3863310929730784,1.254591057708608,351113338965.5813,3247.450387836204,2.0422486771211976,220.8073,42.22423449709897,10.182954131410888,544.4771879866964,23.758023946071035,19.163106471816285,30.126550576772495,108119693.0,24.685256220065277,27.8,52.6010482354344
Philippines,2018,0.3785315905345197,1.2911472108961812,373379140695.8175,3410.936479761091,2.072858037635255,226.906,42.301371700707655,9.650140358153063,554.5019928189207,23.87500419223933,19.2396264697286,30.5637401548214,109465287.0,23.48852850083693,27.6,53.2088897464754
Philippines,2019,0.3733348712285095,1.3350013374434724,396224439236.6416,3575.881709229217,2.122804683264154,235.2167,42.378508904316334,8.820323747305245,551.8794831417125,23.992017976322234,17.952925674321502,30.327507879462363,110804683.0,20.933470365271837,26.9,53.7157859948017
Philippines,2020,0.3804196831633,1.21683584867494,358510629276.39105,3198.6669000841307,2.0087648190691354,225.1449,42.45564610792501,10.185311031761549,518.1706273260863,24.109031760405134,18.26247790814196,28.39991758505213,112081264.0,21.38658583317776,29.1,54.1077719895977
Philippines,2021,0.3842004094297434,1.2874463035014294,378998554988.85706,3350.975875877763,2.0832097343125766,235.613,42.536137102994935,10.069164020487577,531.0454214953915,24.226045544488045,18.580451676409183,28.889809118545905,113100950.0,22.635048807145814,28.0,54.4504102510776
Philippines,2022,0.3720605871301384,1.3311216707107094,407730367707.3934,3577.70136573244,2.1287071399475863,242.5967,42.39259482845357,9.55176804414326,551.0427844480262,24.34305932857095,19.00561429436326,29.221239936433847,113964338.0,22.635048807145814,28.0,54.7902343568327
Philippines,2023,0.377592548554934,1.4139699247111173,430232801525.6519,3744.697638029279,2.21541251388629,254.5314,42.66894724486032,9.400366528706986,580.1360554135003,24.46007311265386,19.00561429436326,28.19762250917741,114891199.0,22.635048807145814,28.0,55.1242716168851
Philippines,2024,0.3829029746870905,1.5030109111702,454721721977.44543,3925.304869721802,2.3013540575846743,266.5973,42.66894724486032,9.08252678487007,580.1360554135003,24.46007311265386,19.00561429436326,27.693977993132076,115843670.0,22.635048807145814,28.0,55.4520983215477
Singapore,1990,0.4462836470223816,10.38622547365851,70914989180.44112,23272.700093215888,11.077596900954736,33.7549,2.985074626865672,0.3234395813443454,3782.717729575516,22.129701492537315,200.52291666666667,30.85854767116408,3047132.0,0.5409189257986509,0.2,100.0
Singapore,1991,0.4424670356943028,10.67793101490455,75658065571.98186,24132.71532906205,11.420558881535191,35.8044,1.791044776119403,0.2500547472206236,4167.37343867502,22.45611940298508,211.86,32.617884771105686,3135083.0,1.4479049701554283,0.5,100.0
Singapore,1992,0.4237681708994792,10.582945233506816,80681614023.60297,24973.4311358112,11.332968912600313,36.6134,1.791044776119403,0.197361758450875,4588.887017977818,22.782388059701493,223.19708333333332,32.287135451871286,3230698.0,1.3862170419825732,0.5,100.0
Singapore,1993,0.4388604598231078,11.910652002084824,89927445311.22139,27139.952427898537,12.811942521905276,42.452,1.791044776119403,0.1727886474182292,5487.722621993855,23.108805970149252,234.53416666666664,32.13797357314056,3313471.0,1.2920577998101468,0.5,100.0
Singapore,1994,0.4168348453724212,12.180027890804691,99905515247.39508,29220.272791547555,13.277760359023915,45.3973,1.791044776119403,0.1731591731716115,6460.589507621068,23.43507462686567,245.87125,31.30422885085922,3419048.0,1.175116312532975,0.5,100.0
Singapore,1995,0.3860988402140643,11.729643813913214,107074136708.30827,30379.89911445981,13.28574841410399,46.8257,1.791044776119403,0.1448619793947292,5346.987801828682,23.761492537313437,257.20833333333337,31.49225514669786,3524506.0,1.1014206078043518,0.4,100.0
Singapore,1996,0.3695081109712801,11.583826971610897,115074063971.77818,31349.317180513102,13.291782720698809,48.7902,1.791044776119403,0.1500251883232236,5359.513368455996,24.0879104477612,268.5454166666667,31.554856043577267,3670704.0,1.016597510373444,0.5,100.0
Singapore,1997,0.3384980112596907,11.114667450641958,124643863764.47908,32835.251850608205,13.260747126345942,50.3383,1.791044776119403,0.1329168247408256,5818.450534299472,24.41417910447761,279.8825,31.07038403276104,3796038.0,0.9108483902148858,0.4,100.0
Singapore,1998,0.3368183405684305,10.455888183299454,121912898005.20062,31043.108180075957,13.946760718097032,54.7719,1.791044776119403,0.1113783665296159,5083.358782227168,24.74059701492537,291.21958333333333,32.08791224109583,3927213.0,0.8634361233480177,0.4,100.0
Singapore,1999,0.3212818793758685,10.459989244006213,128884330733.00237,32557.04699040634,13.320078217142246,52.7305,1.791044776119403,0.1112459616074938,4587.57994680042,25.066865671641786,302.5566666666667,30.84562657048597,3958723.0,0.8299457994579946,0.4,100.0
Singapore,2000,0.3239040044392411,11.301036995327824,140533304238.72125,34890.081136516805,14.211744271872572,57.2433,1.791044776119403,0.092131732680321,4634.81368272521,25.39328358208955,313.89375,32.45850449549726,4027887.0,4.354271277435655,0.3,100.0
Singapore,2001,0.3301958794797732,11.093877929788508,139028385430.873,33597.869080822624,14.201747119148036,58.767,1.791044776119403,0.0823566559095407,5146.023238652957,25.501641791044776,328.2361666666667,30.379661075944647,4138012.0,4.16688325425368,0.6,100.0
Singapore,2002,0.3129586817379082,10.82800320885068,144482970559.8894,34598.82674837807,12.309510410804728,51.4039,1.7777777777777777,0.0710328000140013,5066.196034867538,25.42044444444445,338.24525000000006,30.74567541812489,4175950.0,3.977555965843527,0.6,100.0
Singapore,2003,0.2809755488425576,10.314555220560967,151054425108.65015,36709.79650382547,12.104715970979088,49.8088,1.1644832605531297,0.0611340723110266,6217.058806195207,25.082241630276563,352.521,30.22480291609525,4114826.0,3.9023548058417297,0.6,100.0
Singapore,2004,0.2680990673675663,10.685526838737175,166069208808.39377,39856.6356222613,12.59292805947396,52.4705,1.161103047895501,0.0556489896262465,7371.027933279165,25.114949201741656,366.79675,31.885893855466925,4166664.0,3.745565184319904,0.5,100.0
Singapore,2005,0.23404900608686,9.782894591868931,178302402123.90665,41798.48808346707,11.798384438700516,50.3291,1.1030478955007257,0.0550481142142598,4925.757575542049,25.22046444121916,377.5169445,31.407652204980185,4265762.0,3.608143825399733,0.5,100.0
Singapore,2006,0.2159345375211488,9.535541814868797,194361682395.94128,44159.41018205518,11.496115409651322,50.5986,1.080691642651297,0.0488654244516825,5128.308656662194,25.143515850144087,346.28913883333337,30.89429654960984,4401365.0,3.4957152274225445,0.5,100.0
Singapore,2007,0.2046206055111218,9.44913687162465,211896059498.4816,46178.81394701991,11.15098530074212,51.1674,1.1510791366906474,0.0428679973714473,4537.417169322598,25.21194244604316,315.0613333333334,28.22577096388088,4588599.0,3.3520044732939485,0.5,100.0
Singapore,2008,0.1988258155385348,8.867945503943055,215844707508.2283,44601.57993026987,10.424420733496492,50.4479,1.0,0.0414321884664468,4958.462482579934,25.135714285714283,284.45575,26.415338159666156,4839396.0,3.305719353756172,0.5,100.0
Singapore,2009,0.2024825105156558,8.773946767295437,216120888113.03256,43331.87466389616,10.315117192269668,51.4474,1.0,0.040687761270138,5321.08304981114,25.239571428571438,252.18350000000004,27.016319368826235,4987573.0,2.7722784114004257,0.5,100.0
Singapore,2010,0.1975179099096689,9.629403324816044,247501100140.01785,48752.05154418587,11.434698542290592,58.0509,1.0541310541310542,0.0361489888834213,4856.84920025022,25.27122507122507,219.91125,26.635871724303712,5076732.0,3.277389729659811,0.5,100.0
Singapore,2011,0.1952833560932028,9.903508853156286,262883130580.25568,50713.53263935941,11.661022036820116,60.4471,1.0369318181818183,0.0346076007512353,4086.3260711538,24.83892045454545,187.639,25.259592580881744,5183688.0,3.3699365438108484,0.5,100.0
Singapore,2012,0.1826724563782127,9.440394304911283,274543305511.61057,51679.35271733304,11.028403725070056,58.5877,1.0339943342776203,0.033272726533169,4787.023088380737,24.409065155807365,160.03341666666668,25.022202155541184,5312437.0,3.3732157313903453,0.5,100.0
Singapore,2013,0.1828749995071191,9.747049634739613,287769788882.2214,53298.97285582862,11.48572685909406,62.0133,0.9476661951909476,0.0343752167938134,5273.752922086761,24.015558698727013,132.42783333333335,23.442728628319724,5399162.0,3.850618081757729,0.6,100.0
Singapore,2014,0.1800868778261561,9.847498703773718,299095084828.9783,54681.93364582533,11.684574943818006,63.9114,0.930888575458392,0.0345408510735361,4986.327796518417,23.58984485190409,108.50558333333336,24.1685192477514,5469724.0,4.034667800660146,0.6,100.0
Singapore,2015,0.1791391577896586,9.968307147856496,307998545269.39795,55645.60686146057,11.878351624805196,65.7467,0.930888575458392,0.0326135138026483,5242.6504334370975,23.23187588152328,84.58333333333333,24.28802290550276,5535002.0,4.1796707655692185,0.7,100.0
Singapore,2016,0.1657765188601293,9.44707088976961,319541032495.04486,56986.785310291074,11.39202355222663,63.8783,0.930888575458392,0.0315212894381262,5449.419850108083,22.969675599435824,84.96666666666668,23.202952494110704,5607283.0,4.590456102327922,0.7,100.0
Singapore,2017,0.1704019343791437,10.136410457618355,333846562289.746,59485.30158739208,12.312809133871903,69.1026,0.9269662921348316,0.0307635837552263,5799.395294718075,22.626404494382022,83.21666666666667,23.496635285704144,5612253.0,4.279012062910368,0.7,100.0
Singapore,2018,0.1569666275697652,9.61426051080076,345370865382.8669,61250.34766723019,11.897544742772949,67.0864,0.9243697478991596,0.0301171482363283,5692.665647487336,22.3109243697479,81.38333333333334,25.38042066893489,5638676.0,4.116121992060356,0.8,100.0
Singapore,2019,0.1597297614063331,9.79870673958709,349888458531.0857,61345.52918200616,12.200693986519669,69.5875,0.9217877094972068,0.0322521301996085,5565.915192910422,21.997206703910617,82.16666666666667,24.07072940872004,5703569.0,4.17542088160238,0.9,100.0
Singapore,2020,0.1600897447141718,9.475664580243404,336541232520.5025,59189.70385743,11.971475641012788,68.0675,0.9192200557103064,0.032817252118695,5538.123715611539,21.685236768802227,83.11666666666666,23.241671973610032,5685807.0,4.081257725008427,0.9,100.0
Singapore,2021,0.1508429455676581,10.21678292698759,369376902514.86536,67731.26107117166,12.953946096920804,70.6452,0.9192200557103064,0.0305513686655138,5966.327635212886,21.434540389972145,58.18594466666666,24.614071598973734,5453566.0,4.022159927612086,1.1,100.0
Singapore,2022,0.1465259840781993,9.995827584139285,384550906479.0062,68218.80533356198,12.756380940148894,71.908,0.9192200557103064,0.0259773163736464,5785.043673416814,21.18384401114206,33.25522266666667,23.840521792089987,5637022.0,4.022159927612086,1.1,100.0
Singapore,2023,0.1432781587682638,9.480337458395631,391555143381.8849,66167.35963036072,12.233390698466687,72.3929,0.9192200557103064,0.0288498020075513,5282.7637359991,20.93314763231198,33.25522266666667,22.145995027166407,5917648.0,4.022159927612086,1.1,100.0
Singapore,2024,0.1440245114214756,9.751443631291764,408736675576.8914,67706.83361497392,12.604698469071668,76.0928,0.9192200557103064,0.0274391706944735,5282.7637359991,20.93314763231198,33.25522266666667,21.37731512021351,6036860.0,4.022159927612086,1.1,100.0
Thailand,1990,0.6621917143295724,1.7425705486917586,144044991708.43863,2631.5197109586343,3.3483320252614948,183.2821,41.85441092994578,12.499627830539913,774.4947701388492,37.896611795102665,,37.22474396158223,54738329.0,11.264034770010865,33.5,18.8071480847314
Thailand,1991,0.6651121029348592,1.869342141120311,156372737078.5587,2810.5670200131567,3.552951417565375,197.6771,42.1147409422772,12.649826596191522,825.479872492741,37.82555931805281,,38.65788145480676,55637434.0,9.140181329082395,33.0,19.3568451726218
Thailand,1992,0.6746536199124602,2.0171157254013057,169012952179.51303,2989.8538536901897,3.6890040930262247,208.5351,41.83679461332185,12.297335744506285,865.7043091134127,37.75450684100296,,38.05583670272728,56528834.0,7.424077901152406,31.7,20.2251472411188
Thailand,1993,0.707496559860663,2.254789464041355,182959758879.24185,3186.9970710322914,3.8899775255095097,223.3166,41.58429407504551,8.025829297186455,899.1255534076563,37.6834543639531,,36.854857441228944,57408198.0,5.840049205923636,26.4,21.344368876117
Thailand,1994,0.7308765575788717,2.4787604383554007,197591095927.8724,3391.4898660406247,4.105413559506011,239.1849,41.766329346826126,8.627547715019151,979.262431000536,37.61240188690324,,36.995193936716106,58260854.0,6.343341247875016,23.8,22.6578637457835
Thailand,1995,0.7655447171197959,2.767392432315065,213636116013.33444,3614.9324401673207,4.323290077442588,255.4988,41.948364618606746,9.081224597604235,1052.2802114770184,37.54134940985339,,37.27802022660205,59098232.0,8.742179988262178,22.6,24.1089855182854
Thailand,1996,0.8147269550142272,3.068965346899496,225710710647.57977,3766.8636443308833,4.5913819451194176,275.1159,42.130399890387366,9.063416493410518,1160.5801502115817,37.470296932803535,,37.0812856626692,59920064.0,9.129360432759734,21.0,25.6410878617897
Thailand,1997,0.8538421859118357,3.0863052104235087,219495596601.21045,3614.608485439941,4.602439104399628,279.4812,42.31243516216799,9.064902310039042,1166.7956659422205,37.39924445575368,,36.56459978217994,60724584.0,8.09323579259005,21.1,27.1975244444636
Thailand,1998,0.8238593185326992,2.7149131953559205,202739225305.4556,3295.3601838129416,4.158549463831439,255.8449,42.49251306543483,10.259227110701506,1079.8059535103455,37.32819197870383,,36.11172733775414,61522630.0,6.105361346777418,21.5,28.7216489344742
Thailand,1999,0.8233052780134,2.80177979620008,212009086618.7294,3403.087373568955,4.261075085856455,265.4609,42.67454833721545,8.892995277907799,1138.849297610851,37.25713950165397,,36.37889977631755,62299043.0,4.888992547673785,21.1,30.1568149999886
Thailand,2000,0.7895197842517377,2.774938315191536,221454615181.944,3514.7166297060767,4.231011661013796,266.5868,42.85658360899607,8.499848120840582,1153.0455222562598,37.18608702460412,,36.66940838136265,63007815.0,7.131083488752514,21.8,31.4626212652205
Thailand,2001,0.8011343059257909,2.883302594685616,229082063572.24695,3599.025248773576,4.37787753089925,278.6569,43.03861888077669,8.579287450086538,1174.202791950135,37.396504139834406,,36.32100349466726,63651141.0,6.949521577816832,19.9,32.7428054763889
Thailand,2002,0.8022074340040601,3.0353557643159834,243168402250.1999,3783.7542207326646,4.540145892948757,291.779,43.2206541525573,8.6921781801026,1286.144036843527,37.60692125506469,,36.89443144715264,64266437.0,7.79250181171053,19.9,34.0732781018222
Thailand,2003,0.7785544280907208,3.1283526653119806,260650370324.9808,4018.1553818706816,4.705383531268636,305.2296,43.40268942433792,9.441354957962282,1379.291757437155,37.817338370294976,,37.91817489203858,64868166.0,7.5255464469196385,20.2,35.4270354382579
Thailand,2004,0.7982235605038868,3.378697995495848,277043563911.3451,4232.771572619342,4.996483914399193,327.0301,43.584724696118535,9.291110139048143,1477.384808771037,38.02775548552526,25.52536635339183,37.90230249506707,65452047.0,6.394537370652287,19.9,36.785516284484
Thailand,2005,0.7941404962243516,3.472186583480542,288645146658.33386,4372.257302062605,5.133072452695061,338.8722,43.76675996789916,9.194355282371808,1508.5802606271875,38.23817260075554,25.52536635339183,38.50521071163613,66017420.0,6.175518355182039,20.1,38.1301594392881
Thailand,2006,0.7685182125912754,3.497929858971966,302984491694.5868,4551.525001831396,5.166138640208424,343.8979,43.948795239679775,9.40199346621521,1525.126557576666,38.44858971598583,25.52536635339183,39.14685588390604,66567687.0,7.629939023511266,20.5,39.4424037014582
Thailand,2007,0.7445966281109793,3.5447766587880607,319452158416.9025,4760.667084648314,5.2919497924321455,355.1025,44.128873142946624,9.3476847010693,1569.8723731987866,38.65900683121611,25.52536635339183,39.43137187715568,67102394.0,7.6331567331992,21.6,40.7036878697821
Thailand,2008,0.7353697895279584,3.53401361701146,324964940636.7332,4805.763939908356,5.279377366077377,356.9906,44.31090841472724,10.072433825363303,1596.8283545025622,38.8694239464464,25.52536635339183,39.47961296513037,67619830.0,7.4128977087631664,22.6,41.8954507430475
Thailand,2009,0.7189424757883337,3.405958919030643,322720673508.1112,4737.456797633144,5.201028815162648,354.2997,44.49294368650786,9.787033759420426,1578.7610726973207,39.07984106167668,25.52536635339183,38.60859888843874,68121080.0,7.29017796952946,22.8,42.9991311200422
Thailand,2010,0.7100356343957939,3.5923240967516112,346967938038.265,5059.357478316572,5.452804249063135,373.9503,44.67497895828848,10.522175636984883,1718.6211836804257,39.29025817690697,25.52536635339183,39.92172569853569,68579447.0,6.1068154168391215,22.8,44.0018736622496
Thailand,2011,0.7052250365947059,3.575658357312471,349882927003.6331,5070.237401919421,5.419487483104664,373.9837,44.68280843234356,11.591791777520749,1704.823340805253,39.28556049247392,25.52536635339183,37.98139827110971,69007208.0,12.915673175745118,23.0,44.8048723557374
Thailand,2012,0.7057222741916247,3.813637396502321,375224234353.8356,5403.878460362729,5.653602539704924,392.5641,44.69063790639864,11.504100153576715,1818.1920430868397,39.28086280804087,25.52536635339183,37.34369413746095,69436098.0,12.86154366960054,23.6,45.373565813715
Thailand,2013,0.7161993410971451,3.950993622832371,385308369004.1669,5516.611641641345,5.782318574209786,403.8667,44.69898686605728,11.322215337977282,1943.9230397822816,39.27616512360782,25.52536635339183,36.89858846481011,69845114.0,12.167766112482528,23.2,45.8321343847773
Thailand,2014,0.700389803197874,3.881186276698138,389101609925.9328,5541.465993618451,5.635527967432437,395.7063,44.710211591536336,10.088921615104232,1926.2258261764807,39.27146743917477,25.52536635339183,36.76304036551239,70216367.0,12.580086732715156,24.4,46.3138799467897
Thailand,2015,0.7013963082305864,3.990140740545949,401296238228.0839,5688.853353978842,5.690076217598625,401.3825,44.71804106559142,8.872723647867934,1932.6739096881456,39.26676975474172,25.52536635339183,36.17917732626671,70540795.0,13.138364456627263,22.6,46.9521043776171
Thailand,2016,0.6691791105524557,3.919904364448122,415081396923.2929,5857.780529359259,5.660327406040892,401.0899,44.710211591536336,8.47807696285562,1985.005309283477,39.18064554013584,25.52536635339183,35.58676540507598,70859841.0,20.92336454623108,22.4,47.8801095551247
Thailand,2017,0.6500152330030321,3.949975567096248,432422173710.33344,6076.743077000816,5.714386332346203,406.6368,44.71999843410519,8.406412586650468,1988.1378152909851,39.11018027364012,25.52536635339183,35.018759526321965,71160187.0,20.262796871875764,22.2,49.2311973571777
Thailand,2018,0.613854576352074,3.876000249327229,450682801200.33887,6314.199484120428,5.63378243290725,402.1173,44.71744700424749,8.20181926195524,1951.8556356188044,39.0397150071444,25.52536635339183,34.74248966750406,71376079.0,23.96146754343093,23.7,54.5843734741211
Thailand,2019,0.6224738456404019,4.005331430261771,460212749509.6262,6434.537705180338,5.738913128191917,410.4601,45.01947581671201,8.128568040094796,1989.8123422686344,38.96924974064867,25.52536635339183,33.59391051332646,71522271.0,25.24544372437508,23.9,55.9266166687012
Thailand,2020,0.6374947163997996,3.847399364312442,432369701127.2777,6035.186277370771,5.637927600718042,403.9095,45.551683728395545,8.702852146735541,1884.3507372740207,38.89878447415295,25.52536635339183,33.290722967857505,71641484.0,18.80025571414088,20.9,57.2358779907227
Thailand,2021,0.6116794490742946,3.744412241626386,439080796986.8196,6121.526965297128,5.558524050497236,398.6981,45.998160073597056,8.692912930507973,1848.063360933068,38.82831920765722,25.52536635339183,35.03171196679927,71727332.0,19.93074013925025,19.0,58.5087776184082
Thailand,2022,0.6312327213263723,3.963374866518003,450410744554.8572,6278.785513827604,5.823785933985192,417.7712,45.998160073597056,8.719451384414441,1867.4696831205304,38.7578539411615,25.52536635339183,35.12175770314611,71735329.0,19.93074013925025,19.0,59.742374420166
Thailand,2023,0.5985528866962955,3.835774893837287,459498911646.8031,6408.414325772941,5.727320139127772,410.6628,43.79807786411948,8.5627759867239,1851.272314241671,38.687388674665776,25.52536635339183,32.98040932864924,71702435.0,19.93074013925025,19.0,60.9341926574707
Thailand,2024,0.602338752481112,3.960052693523195,471178549995.25305,6574.461093879849,5.893665724865729,422.3873,43.79807786411948,8.711126618988196,1851.272314241671,38.687388674665776,25.52536635339183,32.1359776535892,71668011.0,19.93074013925025,19.0,61.8689338391321
Vietnam,1990,0.4566959981986986,0.3141430537529666,45057981854.80714,687.8603162541611,1.402882657681561,91.8952,20.664229315800792,38.73674174711,272.7802510851337,28.805677593781688,14.333648656168272,22.67429388630676,65504552.0,61.84771339707407,75.9,19.1735039651626
Vietnam,1991,0.4339954561832291,0.3097630463536062,47743817832.16629,713.7472108068039,1.4358431959684133,96.0461,20.7410365909859,40.48913397734236,270.7488665865841,29.545528280438727,14.898336208335651,23.794438577965504,66891775.0,68.58849077090119,75.5,19.4396801924029
Vietnam,1992,0.418387488794565,0.3179371938934318,51871770980.83895,759.9108539537235,1.472587221478265,100.5193,21.58284432701465,33.938587920240295,276.93320686275104,30.285378967095767,15.463023760503033,27.26359787210944,68260337.0,74.47707367336425,74.5,19.8252510026665
Vietnam,1993,0.453359701264503,0.3652294966210631,56059239339.3434,805.6064436304579,1.547663404955774,107.6963,21.77332636947372,29.869953942021134,294.7475138396802,31.02522965375281,16.027711312670412,28.900312281652383,69586384.0,74.70455824423186,70.6,20.3057679487956
Vietnam,1994,0.4897441687634207,0.4217296850381509,61014304826.63842,861.122422555836,1.6265512747121065,115.2483,21.93615779286614,27.42782887293177,289.6770045264929,31.765080340409845,16.592398864837794,28.8684508272934,70854391.0,75.2197265625,67.8,20.8567825836322
Vietnam,1995,0.514280146367244,0.4770593840883143,66835362482.48463,927.6255120057648,1.7181901886386026,123.7955,21.748748041414483,27.18268877898747,304.05853836766414,32.50493102706689,17.157086417005175,28.755919822449016,72049940.0,72.2419442927362,64.9,21.4538464600183
Vietnam,1996,0.529662928699428,0.5290934919242319,73077797034.13063,998.924907248853,1.808444852440688,132.2994,23.60133951887923,27.7588260377303,315.96053991007653,33.244781713723924,17.721773969172556,29.729888691202632,73156447.0,70.86874409820585,62.6,22.072511130796
Vietnam,1997,0.5648625206280683,0.6014532011438605,79035160538.46255,1064.7780285990775,1.877649755737439,139.3721,24.09905066207871,25.771706794463416,335.5656810649777,33.98463240038097,18.286461521339938,32.07513479559854,74226889.0,60.92933305456826,60.5,22.6883281488073
Vietnam,1998,0.596861337199031,0.6625833370296759,83591107164.24706,1110.1126773247988,1.9876756415633217,149.6713,24.747304064641,25.780780406462856,352.5127597192059,34.724483087038,18.85114907350732,32.49126772423459,75299660.0,51.15732202139432,59.2,23.2768490668943
Vietnam,1999,0.5835005976881857,0.6698847406779296,87581401291.5701,1148.0446521083193,2.046573793026932,156.1279,25.847184245291714,25.434437993509057,358.0754262149062,35.464333773695046,19.4158366256747,34.494751739002155,76287452.0,58.46597903136805,59.3,23.8212278892522
Vietnam,2000,0.6044918408443039,0.7327629408664185,93525828108.83896,1212.1965779438085,2.1209837036210604,163.6424,28.226065710795343,24.53458199553489,372.4867382024766,37.88368803446281,19.98052417784208,36.73077532684548,77154011.0,52.961070742818414,57.7,24.3672526919772
Vietnam,2001,0.6251820994190931,0.7963602523303994,99317782863.09602,1273.8052690094,2.156370115691983,168.1308,30.483139927352216,23.241047590355187,393.0816273049384,38.39562827477579,20.548995604028715,38.12942166446774,77969361.0,53.284533455305805,56.1,24.9489362725143
Vietnam,2002,0.6920921096750997,0.9277610341432028,105595482130.70656,1340.516704602711,2.321814603076333,182.8945,30.44598293350507,23.02944217768337,424.57244952502543,38.9788826275962,21.117467030215348,38.48667878647608,78772224.0,49.33425522404738,52.2,25.5540925665659
Vietnam,2003,0.6878623318359623,0.9759001260083467,112880581486.05911,1418.7433747150933,2.401082593150398,191.0392,30.757570871093627,22.54243670561079,441.33150122399167,39.55651304544136,21.637248901007176,39.470007808386434,79563777.0,43.67203420891875,50.8,26.1745407830283
Vietnam,2004,0.7573039163734153,1.1442441800754457,121387725604.56688,1510.944490495987,2.656436811967632,213.4154,31.59157609572032,21.80769935146727,485.4327053723715,40.07380268971523,22.205720327193813,40.20874952992212,80338971.0,39.00707654353048,45.8,26.8021001307977
Vietnam,2005,0.7702041251332085,1.2399998998622648,130549157968.49277,1609.9626831365051,2.7772793842683594,225.2049,32.13846188270569,19.29997888404936,509.2451266316492,40.2320697359967,22.776139335596238,38.13113990028457,81088313.0,33.87386312807514,44.1,27.4285898187702
Vietnam,2006,0.7386572547175132,1.255478158337191,139658819217.11005,1699.676203433928,2.816631658468757,231.4367,32.219185089275726,18.72678545355207,515.0750424726715,40.7502549593184,22.776139335596238,38.58473103389807,82167897.0,31.77746185509067,44.2,28.0458290558422
Vietnam,2007,0.7640503157901725,1.3668466685698144,149615800998.3645,1788.948502895698,2.931446925345294,245.1668,32.19434472961819,18.655099701708977,544.6731833663822,41.29432617306228,22.776139335596238,38.51162484790687,83633375.0,31.23750895415473,41.9,28.6456370509099
Vietnam,2008,0.7957127054223277,1.4768469180467103,158086705343.2754,1856.0051988397847,3.007882944387905,256.1988,32.739967774111875,20.413143924650708,572.0995423051079,41.77622189825826,22.776139335596238,37.07769637888007,85175788.0,34.22400403291733,39.3,29.2198330128693
Vietnam,2009,0.8451821278541487,1.6287794434648395,166620063722.2913,1927.1342705745365,3.1885755563918576,275.6843,32.90681092971652,19.16845986704246,615.1421470701741,42.293066293219766,22.776139335596238,37.38818637934189,86460018.0,36.64434024646829,37.0,29.7581347355675
Vietnam,2010,0.8841738592260803,1.792734863693336,177322478338.40433,2027.581843759237,3.3473202356334597,292.7404,34.345056081508105,15.37509068723813,670.1080291006401,42.73321544619432,22.776139335596238,33.02287713600045,87455152.0,38.685647450554775,34.6,30.2504027258526
Vietnam,2011,0.8307948895232411,1.772006189696347,188694468366.2676,2132.9045376208664,3.341777260500296,295.6414,34.373284304337275,16.259148489628313,663.5744401407039,43.1647323195567,22.776139335596238,34.58040878053903,88468314.0,41.07132562072412,36.3,30.6996041680996
Vietnam,2012,0.784726377083804,1.7453209548177866,199081239731.6883,2224.1140425325566,3.3008515796764346,295.4604,34.433112037695764,16.19950764039303,664.3473126141025,43.57082470641906,22.776139335596238,35.860232394676615,89510356.0,48.10675045921492,37.9,31.1222779403029
Vietnam,2013,0.77644448756182,1.8014166766328334,210137237901.38867,2320.0843144493388,3.356824339375628,304.038,34.67267044512983,15.215612246512672,674.6781651072752,44.06395211255915,22.776139335596238,35.57515043773598,90573104.0,48.62930219443016,37.4,31.5334201724543
Vietnam,2014,0.8001609345321169,1.9518218113962087,223632762207.56015,2439.2865574442344,3.491393688570425,320.0895,34.69912659435621,14.880348926272232,745.633531778112,44.44284889156942,22.776139335596238,35.29856848803328,91679578.0,44.48266566450093,36.7,31.9480269945454
Vietnam,2015,0.8393367175899951,2.163448180775908,239258328381.7414,2577.568853401125,3.7019419724285902,343.6263,38.76343005204494,14.474726178954748,679.4459239729465,44.871164038891706,22.776139335596238,34.26654663821168,92823254.0,35.39641904244281,27.8,32.3810945365679
Vietnam,2016,0.8767568411313199,2.380902355685366,255264731908.124,2715.57887431272,3.876362196442798,364.3785,38.84079428948872,13.818255373086611,738.8795333858989,45.878354877515655,22.776139335596238,34.11522886123721,94000117.0,36.029092158416496,26.8,32.8476189285136
Vietnam,2017,0.83981758476795,2.4087117202724357,272980590259.18723,2868.1368001337887,3.8915976497131233,370.3905,38.82796271892739,12.929879485236237,757.4799799413119,45.99633698464916,22.776139335596238,35.390364072972794,95176977.0,45.17160934789264,28.3,33.3625963003742
Vietnam,2018,0.9616124782039748,2.9312672353227134,293358610036.84094,3048.283276021446,4.444636492834968,427.7399,38.73445022636706,12.306668431042803,885.6468417877653,46.23468153872168,22.776139335596238,36.54243340864467,96237319.0,39.5259564601314,24.3,33.9410227821412
Vietnam,2019,1.068523006361301,3.463164794584086,314947640805.6011,3241.0764896652886,4.988074148729179,484.71,39.52410274735267,11.784528554038657,987.2714724403896,46.47684164515727,22.776139335596238,36.80313689775539,97173776.0,30.86737701871748,20.4,34.6239134999511
Vietnam,2020,1.0751895023289058,3.551533168743205,323972192107.0652,3303.16949807493,5.0260926397731,492.9551,39.43476832073611,12.65540356855563,991.2812324851652,46.71900175159286,22.776139335596238,36.743713293880056,98079191.0,35.73447137068395,18.9,35.5706676299742
Vietnam,2021,1.0118127615518504,3.397887168414186,332245562394.77014,3358.217347647143,4.920189193121333,486.7794,39.43476832073611,12.603090465274503,962.1995248811894,46.96116185802845,22.776139335596238,37.39151924693015,98935098.0,41.16973210163486,24.2,36.6540656426603
Vietnam,2022,0.9539361597142338,3.4510196587291686,360611028837.664,3617.663114650119,4.960585381386188,494.4744,39.29119513510237,11.880299830258508,1023.0571362686971,47.20332196446404,22.776139335596238,38.4823612398341,99680655.0,41.16973210163486,24.2,37.5478515625
Vietnam,2023,1.0312747028616622,3.893540262678069,378876063686.79913,3775.4637555580166,5.410180776120964,542.9235,39.21473762797954,11.86167115887942,1018.0694042216336,47.44548207089962,22.776139335596238,37.58156975488241,100352192.0,41.16973210163486,24.2,38.1298904418945
Vietnam,2024,1.0618034865880852,4.266056754681952,405742875627.9188,4017.746041115536,5.785434077576547,584.2576,39.21473762797954,11.863490698354566,1018.0694042216336,47.44548207089962,22.776139335596238,37.64146520342487,100987686.0,41.16973210163486,24.2,38.4900703430176
